mean_fit_time,std_fit_time,mean_score_time,std_score_time,param_clf,param_clf__C,param_clf__class_weight,param_clf__l1_ratio,param_clf__max_depth,param_clf__splitter,param_clf__n_neighbors,param_clf__weights,param_clf__max_features,param_clf__n_estimators,param_clf__learning_rate,params,split0_test_accuracy,split1_test_accuracy,split2_test_accuracy,split3_test_accuracy,split4_test_accuracy,mean_test_accuracy,std_test_accuracy,rank_test_accuracy,split0_test_precision,split1_test_precision,split2_test_precision,split3_test_precision,split4_test_precision,mean_test_precision,std_test_precision,rank_test_precision,split0_test_recall,split1_test_recall,split2_test_recall,split3_test_recall,split4_test_recall,mean_test_recall,std_test_recall,rank_test_recall,split0_test_f1,split1_test_f1,split2_test_f1,split3_test_f1,split4_test_f1,mean_test_f1,std_test_f1,rank_test_f1,split0_test_roc_auc,split1_test_roc_auc,split2_test_roc_auc,split3_test_roc_auc,split4_test_roc_auc,mean_test_roc_auc,std_test_roc_auc,rank_test_roc_auc
1.0947346687316895,0.03093151723533355,0.32116074562072755,0.010803072971575546,"LogisticRegression(max_iter=1000, solver='saga')",0.01,,0.0,,,,,,,,"{'clf': LogisticRegression(max_iter=1000, solver='saga'), 'clf__C': 0.01, 'clf__class_weight': None, 'clf__l1_ratio': 0}",0.6593379598354112,0.6629613707547749,0.6667485566883675,0.6814887605945216,0.6636162633583098,0.666830582246277,0.007698194005770691,25,0.16447723591866115,0.16633339392837665,0.17113176599234553,0.17131707317073172,0.1669093556607208,0.16803376493416716,0.0027269829461310673,18,0.5027502750275028,0.50357732526142,0.5167859108420473,0.48321408915795266,0.5046780407264722,0.5022011282030789,0.010784749533983675,43,0.247864406779661,0.250068324678874,0.2571193866374589,0.2529530394698934,0.2508548762139242,0.2517720067559623,0.0031305689097712265,19,0.6348880895694131,0.6331228460396119,0.6412592900214036,0.6310911978717726,0.6365099101488212,0.6353742667302045,0.0034517568661762955,19
1.1609689712524414,0.09758536337681276,0.31943984031677247,0.015805702917230057,"LogisticRegression(max_iter=1000, solver='saga')",0.01,,0.5,,,,,,,,"{'clf': LogisticRegression(max_iter=1000, solver='saga'), 'clf__C': 0.01, 'clf__class_weight': None, 'clf__l1_ratio': 0.5}",0.6639439906651109,0.6575569612479273,0.6625107480653483,0.6806903328829382,0.6547721410146173,0.6638948347751883,0.009026616767161634,28,0.16636230825420015,0.16419510452027872,0.1694823867721064,0.17101167315175098,0.162885501595179,0.16678739485870306,0.003073530457645591,26,0.5011001100110011,0.5057787561915245,0.5189873417721519,0.4837644468904788,0.5057787561915245,0.5030818822113361,0.011354476040754199,42,0.24979435152179874,0.2479093606690046,0.2555209321230186,0.2526951272100043,0.24641372838182063,0.25046669998112936,0.003284197498671586,30,0.6371254806088974,0.6334931181695587,0.6395536756686524,0.631140374323158,0.6343924881971761,0.6351410273934885,0.0029220082167005614,21
1.0537933826446533,0.029943146173440252,0.32370781898498535,0.01955128827447558,"LogisticRegression(max_iter=1000, solver='saga')",0.01,,1.0,,,,,,,,"{'clf': LogisticRegression(max_iter=1000, solver='saga'), 'clf__C': 0.01, 'clf__class_weight': None, 'clf__l1_ratio': 1}",0.6658478167413867,0.6802800466744457,0.6743029111902714,0.6887974450313229,0.666502886623265,0.6751462212521384,0.008655527782276455,9,0.1675536795742338,0.17013821296476542,0.1721218961625282,0.17290660225442833,0.16577243293246993,0.16969856477768513,0.0026971234225876524,7,0.5022002200220022,0.4810126582278481,0.50357732526142,0.472757292239956,0.49312052834342324,0.4905336048189298,0.011996553167435926,60,0.2512728773909454,0.25136612021857924,0.2565540445815225,0.25320560058953573,0.2481307117142066,0.2521058708989579,0.002758211532867736,18,0.6372769406218188,0.633156534811363,0.6407261488028054,0.6329211135527066,0.6342356181708224,0.6356632711919034,0.002969107868715723,18
1.144016933441162,0.03647723779457477,0.3268303871154785,0.00803762828058407,"LogisticRegression(max_iter=1000, solver='saga')",0.01,balanced,0.0,,,,,,,,"{'clf': LogisticRegression(max_iter=1000, solver='saga'), 'clf__C': 0.01, 'clf__class_weight': 'balanced', 'clf__l1_ratio': 0}",0.6689799177055825,0.6568814100595713,0.6596855423166688,0.6819801007247267,0.6643532735536175,0.6663760488720334,0.008823482660028864,26,0.16765909936732415,0.16218637992831542,0.16809269162210339,0.16847504438745314,0.1669101533966399,0.1666646737403672,0.002298735957287938,31,0.4955995599559956,0.4980737479361585,0.5189873417721519,0.47000550357732523,0.5030269675288938,0.4971386241541049,0.015820799326078976,45,0.2505561735261402,0.24469379478166825,0.2539383331089269,0.24803950043566658,0.2506513094748389,0.24957582226544814,0.0030771330588201325,36,0.6359313117623551,0.6308983218464324,0.6390881068892499,0.6301787036098179,0.6369490168609596,0.6346090921937629,0.003483769345220496,25
1.0827691555023193,0.04116854408499789,0.3211524963378906,0.007102760934331886,"LogisticRegression(max_iter=1000, solver='saga')",0.01,balanced,0.5,,,,,,,,"{'clf': LogisticRegression(max_iter=1000, solver='saga'), 'clf__C': 0.01, 'clf__class_weight': 'balanced', 'clf__l1_ratio': 0.5}",0.661118958422895,0.6707609162930663,0.6633091757769316,0.6867092494779511,0.6648446136838226,0.6693485827309333,0.009250668362627276,19,0.16558206796818511,0.16716754320060107,0.16808549175873935,0.17238627294493217,0.16715435259692757,0.16807514569387705,0.002300998217095357,17,0.5038503850385039,0.4898183819482664,0.5107319757842598,0.4755090809025867,0.5030269675288938,0.49658735824050204,0.012525199775602276,47,0.2492517006802721,0.24926480885030108,0.252929953665849,0.2530385122272661,0.25092656142759096,0.25108230737025583,0.0016684851092123782,27,0.6355787860154838,0.6335693982230437,0.6397662663240612,0.6327468557984743,0.6341361238417138,0.6351594860405554,0.002481720016113575,20
1.1286167621612548,0.07910279860093412,0.3489030361175537,0.013445498791343144,"LogisticRegression(max_iter=1000, solver='saga')",0.01,balanced,1.0,,,,,,,,"{'clf': LogisticRegression(max_iter=1000, solver='saga'), 'clf__C': 0.01, 'clf__class_weight': 'balanced', 'clf__l1_ratio': 1}",0.6697782963827305,0.6664619541853467,0.6679154894976047,0.68038324530156,0.6717847930229701,0.6712647556780423,0.004897169370495593,15,0.16954503249767874,0.16697382970880945,0.1694290976058932,0.1689149560117302,0.1685773350873896,0.16868805018230024,0.00092583647500956,12,0.5022002200220022,0.49862410566868465,0.5063291139240507,0.4755090809025867,0.4936708860759494,0.4952666813186547,0.010720382540036247,50,0.25350548382618354,0.25017258042247686,0.25389816475783084,0.24927870744373917,0.2513309050154105,0.2516371682931282,0.0018112901671842585,20,0.6382098285874216,0.6329666145983968,0.6403848623278134,0.6313984127705823,0.635431433473583,0.6356782303515593,0.0032952080785873623,17
1.1997244834899903,0.06881517532145145,0.34228219985961916,0.01716187939385338,"LogisticRegression(max_iter=1000, solver='saga')",0.1,,0.0,,,,,,,,"{'clf': LogisticRegression(max_iter=1000, solver='saga'), 'clf__C': 0.1, 'clf__class_weight': None, 'clf__l1_ratio': 0}",0.6641896456426948,0.6605662347233311,0.6752241739344061,0.6742414936739958,0.6651517012652008,0.6678746498479258,0.005813068745739361,22,0.16365646885366752,0.16248180494905387,0.171990171990172,0.16897664704765522,0.16657494037791232,0.1667360066436922,0.0034708630139735188,29,0.4884488448844885,0.4914694551458448,0.5008255365987893,0.4898183819482664,0.49972482113373695,0.4940574079422252,0.005177836583390517,52,0.24516841524019878,0.2442226172569397,0.25604952166572875,0.251270468661773,0.24986241056686848,0.24931468667830176,0.004303575833263478,38,0.6337436024971318,0.6320286742998461,0.6398116189972152,0.6307497972541468,0.6346311984919475,0.6341929783080575,0.003114572405735378,34
1.7159706592559814,0.26401660716094594,0.33750300407409667,0.005726819084842002,"LogisticRegression(max_iter=1000, solver='saga')",0.1,,0.5,,,,,,,,"{'clf': LogisticRegression(max_iter=1000, solver='saga'), 'clf__C': 0.1, 'clf__class_weight': None, 'clf__l1_ratio': 0.5}",0.6733402935576982,0.6781919793649819,0.6801989927527331,0.683638373664169,0.6704950251811816,0.6771729329041529,0.004717647592483078,5,0.16726858011784831,0.1674761997279969,0.17416378316032297,0.1714623571147024,0.16803892215568864,0.16968196845531183,0.0027072460884467625,8,0.48404840484048406,0.4744083654375344,0.49862410566868465,0.47881122729774356,0.4942212438084755,0.4860226694105845,0.009130251832701348,62,0.24862268682017233,0.24755887421022402,0.2581564325402479,0.2525032651284284,0.2508029604803798,0.2515288438358905,0.00373115914868307,22,0.6346332351866365,0.6335839504028233,0.6401946055810801,0.6307867794674904,0.6332609542210041,0.6344919049718069,0.0031179590992059312,28
1.3826021194458007,0.12716314412606697,0.3424376010894775,0.015307053043679976,"LogisticRegression(max_iter=1000, solver='saga')",0.1,,1.0,,,,,,,,"{'clf': LogisticRegression(max_iter=1000, solver='saga'), 'clf__C': 0.1, 'clf__class_weight': None, 'clf__l1_ratio': 1}",0.6609347171897071,0.6730946385801142,0.6718462105392458,0.679707652622528,0.6638619334234124,0.6698890304710015,0.006738211087281416,18,0.1642792384406165,0.16887041934265207,0.17181682799702158,0.16945525291828795,0.16715222141296432,0.16831479202230848,0.0025104139847831066,15,0.49834983498349833,0.49201981287837093,0.5079801871216291,0.47936158503026965,0.5052283984589984,0.49658796369455327,0.01024851386040462,46,0.24710214100640937,0.25144142877232456,0.25678119349005424,0.25039528532413396,0.2511971541934601,0.25138344055727646,0.0031138329619548035,24,0.6342007774921978,0.6327976761557531,0.6393521568487198,0.6308664129783218,0.6353227887099998,0.6345079624369985,0.0028429029377677398,27
1.2062703609466552,0.08772148297535619,0.3333454132080078,0.014880079135698401,"LogisticRegression(max_iter=1000, solver='saga')",0.1,balanced,0.0,,,,,,,,"{'clf': LogisticRegression(max_iter=1000, solver='saga'), 'clf__C': 0.1, 'clf__class_weight': 'balanced', 'clf__l1_ratio': 0}",0.6601363385125592,0.6786832893201499,0.6607296400933547,0.682102935757278,0.6587642795725341,0.6680832966511752,0.010129013900543132,21,0.16328379847770932,0.1687681862269641,0.16753363228699553,0.16880299743640306,0.16478393401470323,0.16663450968855506,0.002223296294841957,33,0.4955995599559956,0.47881122729774356,0.5140341221794166,0.47110621904237754,0.5057787561915245,0.4930659769334116,0.016081826813293336,55,0.24563794983642312,0.2495697074010327,0.2527056277056277,0.24854819976771197,0.2485799296727076,0.24900828287670063,0.0022689144548637945,40,0.6326383588929234,0.6317499572565386,0.639189503595588,0.6300904713539086,0.6313147842675686,0.6329966150733055,0.0032033918782822103,41
1.5328165531158446,0.21553606175276815,0.3232973575592041,0.01974530118725618,"LogisticRegression(max_iter=1000, solver='saga')",0.1,balanced,0.5,,,,,,,,"{'clf': LogisticRegression(max_iter=1000, solver='saga'), 'clf__C': 0.1, 'clf__class_weight': 'balanced', 'clf__l1_ratio': 0.5}",0.6708837437818583,0.6781919793649819,0.6792163124923228,0.6829013634688613,0.6685910821766368,0.6759568962569322,0.005363526986112819,7,0.16613237789930227,0.168506682161534,0.17437858508604206,0.17001972386587771,0.16793468175913898,0.169394410154379,0.002785417002802935,9,0.4845984598459846,0.47881122729774356,0.5019262520638414,0.4744083654375344,0.4980737479361585,0.4875636105162525,0.010725719224294477,61,0.24743715770256985,0.2492836676217765,0.25883354618986804,0.25032670248293887,0.2511795725784069,0.25141212931511203,0.0039151094741581485,23,0.6347463073303528,0.63518301620234,0.6406407510889683,0.6305950578902902,0.6320766483004828,0.6346483561624868,0.003442300421384178,24
1.2879289150238038,0.08305450018585996,0.31122651100158694,0.010967844929151246,"LogisticRegression(max_iter=1000, solver='saga')",0.1,balanced,1.0,,,,,,,,"{'clf': LogisticRegression(max_iter=1000, solver='saga'), 'clf__C': 0.1, 'clf__class_weight': 'balanced', 'clf__l1_ratio': 1}",0.6668918503961186,0.6625928882883989,0.6658887114605085,0.6826556934037588,0.6629406706792778,0.6681939628456125,0.007417822406830879,20,0.16549165120593692,0.1628461397395929,0.1709355131698456,0.16949486977111286,0.1651158547710272,0.16677680573150308,0.002984735668992933,28,0.49064906490649063,0.4887176664832141,0.5178866263070996,0.472757292239956,0.4980737479361585,0.4936168795745838,0.014675264076960445,54,0.24750277469478357,0.24429160935350758,0.25703359737776565,0.2495279593318809,0.24801315428884627,0.24927381900935677,0.004238561883160795,39,0.6359700608844154,0.6319601173639957,0.6394905357684015,0.6313316583535953,0.6329729343084411,0.6343450613357697,0.0030254856975557164,31
1.1342689990997314,0.07039077683925904,0.3144829273223877,0.01091030383735473,"LogisticRegression(max_iter=1000, solver='saga')",1.0,,0.0,,,,,,,,"{'clf': LogisticRegression(max_iter=1000, solver='saga'), 'clf__C': 1, 'clf__class_weight': None, 'clf__l1_ratio': 0}",0.6666461954185346,0.6700853651047104,0.6638005159071367,0.6723989681857265,0.6634320108094829,0.6672726110851183,0.0035039741519367123,23,0.16487189008540662,0.16632250797822415,0.1684496826835902,0.1658749762492875,0.16778523489932887,0.16666085837916747,0.0012958868949988294,32,0.4884488448844885,0.4876169510181618,0.5112823335167859,0.48046230049532196,0.5090809025866814,0.4953782665002879,0.012421292422169997,48,0.24652970571904498,0.24804031354983203,0.25340971085651937,0.24661016949152542,0.252387448840382,0.24939546969146073,0.00292824247207709,37,0.6335509596587034,0.6322341929277396,0.6402394255886098,0.6278719570762821,0.6379964277160383,0.6343785925934747,0.00436022536861649,30
3.868577480316162,0.14454366582797318,0.3109901428222656,0.003781007049150798,"LogisticRegression(max_iter=1000, solver='saga')",1.0,,0.5,,,,,,,,"{'clf': LogisticRegression(max_iter=1000, solver='saga'), 'clf__C': 1, 'clf__class_weight': None, 'clf__l1_ratio': 0.5}",0.6861143523920653,0.6808327703740097,0.6819186832084511,0.6768210293575728,0.6832698685665152,0.6817913407797228,0.003050034188883241,2,0.17129167498502695,0.1673228346456693,0.17219188767550703,0.1699559302548381,0.17113036628593933,0.17037853876939618,0.0016854211501319066,6,0.47194719471947194,0.4678040726472207,0.48596587782058337,0.4881673087506879,0.4782608695652174,0.4784290647006363,0.007830329921207859,66,0.2513549143108247,0.2464839785413948,0.2542836573074154,0.2521318931210915,0.25206671501087746,0.2512642316583208,0.002583516611166426,25,0.6347295185792343,0.6306643075776112,0.639351471992917,0.6303737353233976,0.6348660659847152,0.6339970198915751,0.0032923279051342742,36
3.251071643829346,0.8267717591209602,0.322862434387207,0.013551234037377161,"LogisticRegression(max_iter=1000, solver='saga')",1.0,,1.0,,,,,,,,"{'clf': LogisticRegression(max_iter=1000, solver='saga'), 'clf__C': 1, 'clf__class_weight': None, 'clf__l1_ratio': 1}",0.6786832893201499,0.6810784253515937,0.6814273430782459,0.6846210539245793,0.683638373664169,0.6818896970677476,0.0020818820221678073,1,0.16764018691588786,0.16862976050255202,0.17306946061311604,0.17122473246135553,0.1724950884086444,0.17061184578031113,0.0021317374135765726,5,0.4735973597359736,0.472757292239956,0.4909190974133187,0.4755090809025867,0.48321408915795266,0.47919938388995753,0.00692778606837652,65,0.24762726488352027,0.24858920561423817,0.2559173719695883,0.25178493370246247,0.2542348342261474,0.2516307220791913,0.0031767606301283703,21,0.6353769597492068,0.6314594082448352,0.6403633844888911,0.6301795787033436,0.6364634160493293,0.6347685494471211,0.0036483964429182914,23
1.1904872417449952,0.028343655256657076,0.3191854000091553,0.008110030428022006,"LogisticRegression(max_iter=1000, solver='saga')",1.0,balanced,0.0,,,,,,,,"{'clf': LogisticRegression(max_iter=1000, solver='saga'), 'clf__C': 1, 'clf__class_weight': 'balanced', 'clf__l1_ratio': 0}",0.660504820978935,0.662408647055211,0.6562461614052327,0.6835155386316177,0.6672398968185727,0.6659830129779138,0.009450525600855988,27,0.16358360536815378,0.16325036603221083,0.16807165437302424,0.17100591715976332,0.1679881984141619,0.1667799482694628,0.0029550548165543163,27,0.4961496149614962,0.4909190974133187,0.5266923500275179,0.4771601541001651,0.5013758943313154,0.4984594221667626,0.01625702649541363,44,0.24604473540643754,0.24502128828457628,0.2548262548262548,0.25177871351822273,0.2516574585635359,0.24986569011980544,0.003729483045905732,35,0.6330144421286235,0.6310862256789324,0.639545438375248,0.6308481501569176,0.6343411620595212,0.6337670836798486,0.003162043352291344,39
3.865148591995239,0.09221199128405169,0.31261143684387205,0.010135440771974336,"LogisticRegression(max_iter=1000, solver='saga')",1.0,balanced,0.5,,,,,,,,"{'clf': LogisticRegression(max_iter=1000, solver='saga'), 'clf__C': 1, 'clf__class_weight': 'balanced', 'clf__l1_ratio': 0.5}",0.6818768040287416,0.6793588405085058,0.6770666994226754,0.6757155140646113,0.6693280923719445,0.6766691900792956,0.004226409578962977,6,0.16844181459566074,0.16705790297339593,0.17197330791229742,0.16759454789786907,0.16904806086472443,0.16882312684878953,0.0017172685665147963,11,0.46974697469746973,0.47000550357732523,0.4964226747385801,0.48046230049532196,0.5013758943313154,0.4836026695680024,0.013167878889911317,63,0.24796747967479674,0.24650021648145476,0.2554517133956386,0.24850555081127243,0.25284485151262837,0.2502539623751582,0.0033497724270118152,31,0.6329296808007797,0.6312024148476822,0.639924620204654,0.6302625223505545,0.6356611455240584,0.6339960767455458,0.003487155204881465,37
3.6469582080841065,0.47139987816867157,0.3176833152770996,0.008649286328482563,"LogisticRegression(max_iter=1000, solver='saga')",1.0,balanced,1.0,,,,,,,,"{'clf': LogisticRegression(max_iter=1000, solver='saga'), 'clf__C': 1, 'clf__class_weight': 'balanced', 'clf__l1_ratio': 1}",0.6856844561812934,0.6745071547012221,0.6827171109200344,0.6751013389018549,0.6735659009949637,0.6783151923398737,0.004920746073678435,4,0.17222884386174017,0.16412729026036643,0.1716022749558737,0.16740088105726872,0.16962599168870418,0.16899705636479062,0.002962754512225812,10,0.4768976897689769,0.46835443037974683,0.48156301596037426,0.4810126582278481,0.4942212438084755,0.48040980762908436,0.008367988768208417,64,0.2530647985989492,0.2430734075978292,0.25303643724696356,0.24836601307189543,0.2525664463507242,0.2500214205732723,0.0038947372147616,33,0.6365209524754758,0.6293987434982192,0.6391774805714969,0.6298328133819302,0.6340816397578579,0.633802325936996,0.003781793279146181,38
1.170795774459839,0.051717567833373085,0.3159321784973145,0.007909636020535626,"LogisticRegression(max_iter=1000, solver='saga')",10.0,,0.0,,,,,,,,"{'clf': LogisticRegression(max_iter=1000, solver='saga'), 'clf__C': 10, 'clf__class_weight': None, 'clf__l1_ratio': 0}",0.663022784499171,0.6647423693422588,0.6725218032182778,0.6757769315808869,0.6600540474143226,0.6672235872109834,0.00594030772269691,24,0.16333272160029363,0.16488774383511226,0.17106494478757253,0.1676267281105991,0.16480346195456186,0.16634312005762789,0.0027384099148699604,34,0.48954895489548955,0.49312052834342324,0.5030269675288938,0.48046230049532196,0.5030269675288938,0.4938371437584045,0.008563810548515651,53,0.2449428925278657,0.24713832574817265,0.2553072625698324,0.2485409252669039,0.24826836887138395,0.24883955499683172,0.003473466104884066,41,0.6327142600191578,0.6321706959655119,0.6381676606904755,0.6302641964425166,0.6336819122543722,0.6333997450744067,0.002631530137976559,40
1.1913711547851562,0.06793150890623481,0.3170951843261719,0.00951584694438229,"LogisticRegression(max_iter=1000, solver='saga')",10.0,,0.5,,,,,,,,"{'clf': LogisticRegression(max_iter=1000, solver='saga'), 'clf__C': 10, 'clf__class_weight': None, 'clf__l1_ratio': 0.5}",0.6662777129521587,0.6734631210464902,0.6682225770789829,0.6782950497481882,0.665643041395406,0.6703803004442451,0.0048182083175580025,16,0.16666666666666666,0.16780561883067577,0.16970702045328911,0.1699787767702103,0.16706443914081145,0.16824450437233068,0.0013580427336309072,16,0.49724972497249725,0.4865162355531095,0.5068794716565768,0.4848651623555311,0.5008255365987893,0.49526722622730085,0.008419645241248599,49,0.24965479149406242,0.24954128440366974,0.2542794036443954,0.2517142857142857,0.2505506607929515,0.251148085209873,0.001748964781578277,26,0.6361705752324281,0.6326376592455495,0.6398885891799251,0.6300970916266675,0.6350561515174978,0.6347700133604135,0.0033053410905158555,22
2.014062023162842,1.1182673563163301,0.3139443874359131,0.0026436605501240656,"LogisticRegression(max_iter=1000, solver='saga')",10.0,,1.0,,,,,,,,"{'clf': LogisticRegression(max_iter=1000, solver='saga'), 'clf__C': 10, 'clf__class_weight': None, 'clf__l1_ratio': 1}",0.6702696063378984,0.6761653257999141,0.662387913032797,0.6790934774597716,0.662387913032797,0.6700608471326357,0.006879600078967796,17,0.16893529740816707,0.16807529773338456,0.16775009028530155,0.16963939511438542,0.1653328483084758,0.16794658576994287,0.00146492013042935,19,0.49834983498349833,0.48156301596037426,0.5112823335167859,0.48156301596037426,0.500275178866263,0.49460667585745915,0.011528181573833509,51,0.2523325442138978,0.24918126156913,0.2526172671651937,0.25089605734767023,0.24853041695146957,0.25071150944947224,0.00163661523672321,29,0.6353363092963289,0.6321509886998234,0.6410778032336988,0.6297464835032505,0.6331567800439106,0.6342936729554024,0.0038385431454494904,32
1.1595524787902831,0.07304327662489596,0.32143940925598147,0.01018311476845828,"LogisticRegression(max_iter=1000, solver='saga')",10.0,balanced,0.0,,,,,,,,"{'clf': LogisticRegression(max_iter=1000, solver='saga'), 'clf__C': 10, 'clf__class_weight': 'balanced', 'clf__l1_ratio': 0}",0.6689185039611865,0.6716821224590064,0.6765753592924703,0.6833312860827908,0.6565532489866109,0.671412104156413,0.008897220129553228,14,0.16501031314457154,0.16562440780746637,0.1733282818715666,0.17129356172474897,0.1637270621770889,0.16779672534508847,0.0037913374159565983,20,0.48404840484048406,0.4810126582278481,0.50357732526142,0.47881122729774356,0.5057787561915245,0.490645674363804,0.011598369393501779,58,0.24611942385680324,0.2464054130250916,0.25789177001127395,0.2523201856148492,0.24737550471063258,0.2500224594437301,0.00452832585648103,32,0.6331808846283868,0.632532160697762,0.6416600828561378,0.6301588808390853,0.6335744279408992,0.6342212873924543,0.0039036608205027653,33
1.2049890995025634,0.0626875395711378,0.321620512008667,0.009575013678302739,"LogisticRegression(max_iter=1000, solver='saga')",10.0,balanced,0.5,,,,,,,,"{'clf': LogisticRegression(max_iter=1000, solver='saga'), 'clf__C': 10, 'clf__class_weight': 'balanced', 'clf__l1_ratio': 0.5}",0.6665233679297426,0.6771479457102499,0.673013143348483,0.6801989927527331,0.6604839700282521,0.6714734839538922,0.007155104975452812,13,0.16592674805771365,0.1683378326263016,0.17119819988749296,0.1685569026202581,0.16476964769647698,0.16775786617764865,0.002240230328053007,21,0.4933993399339934,0.48046230049532196,0.5024766097963677,0.4744083654375344,0.5019262520638414,0.49053457354541175,0.011332208329197615,59,0.24833887043189368,0.24932171926317293,0.2553846153846154,0.24873755590823834,0.24809575625680086,0.24997570344894426,0.0027360722485561427,34,0.6341779044824635,0.6323294193486239,0.6386625451029861,0.6311886756810178,0.6336406687160343,0.6339998426662251,0.002553212871242065,35
1.6990055561065673,0.9857083748290625,0.31683969497680664,0.006500081892588328,"LogisticRegression(max_iter=1000, solver='saga')",10.0,balanced,1.0,,,,,,,,"{'clf': LogisticRegression(max_iter=1000, solver='saga'), 'clf__C': 10, 'clf__class_weight': 'balanced', 'clf__l1_ratio': 1}",0.6701467788491065,0.6831050789166615,0.6676698194325021,0.6710477828276624,0.668038324530156,0.6720015569112178,0.0056940187579306535,12,0.1670103092783505,0.16855046599246482,0.1705170517051705,0.16894293732460244,0.16691422205718529,0.1683869972715547,0.001336956238487898,14,0.4900990099009901,0.4678040726472207,0.5118326912493121,0.49697303247110625,0.49477160154100164,0.49229608156192617,0.01424336204421024,56,0.24912624073815182,0.2478134110787172,0.2558107550543254,0.2521641999441497,0.24961821463279188,0.2509065642896272,0.002829477975473408,28,0.6356061461659475,0.6336119134149488,0.6409870217923019,0.6309398066918402,0.6317981022265232,0.6345885980583124,0.0035785384934883427,26
1.4192635536193847,0.17371286859461074,0.32805733680725097,0.007202727347076554,DecisionTreeClassifier(),,,,,best,,,,,,"{'clf': DecisionTreeClassifier(), 'clf__class_weight': None, 'clf__max_depth': None, 'clf__splitter': 'best'}",0.5467051526131548,0.5303690966038199,0.5517135487040904,0.5482741677926545,0.5431150964255006,0.5440354124278441,0.007371071918283309,64,0.13328938694792353,0.12377387712958182,0.13608603292618163,0.13275862068965516,0.13197172034564023,0.13157592760779646,0.004140154571390068,63,0.5561056105610561,0.5277930654925702,0.5641166758392956,0.5509080902586682,0.5547605943863512,0.5507368073075882,0.01225137069130615,32,0.21503775390832713,0.20052273915316257,0.21927478874745962,0.21395746499946564,0.21322051824431518,0.212402653010546,0.00629902696372066,63,0.5505844881066053,0.5293871854532074,0.5571224908357733,0.5494323211227983,0.5480995346595059,0.546925204035578,0.00930184715308539,63
1.4192792892456054,0.2008794240569759,0.33169164657592776,0.004379757362009432,DecisionTreeClassifier(),,,,,random,,,,,,"{'clf': DecisionTreeClassifier(), 'clf__class_weight': None, 'clf__max_depth': None, 'clf__splitter': 'random'}",0.528158201805564,0.5362648160658355,0.5515292961552635,0.535315071858494,0.542193833681366,0.5386922439133046,0.007814278998560086,66,0.12379730596536241,0.12785565939771548,0.1315329840118232,0.12751069068290788,0.1298752462245568,0.12811437725647318,0.0026021532857447354,66,0.5308030803080308,0.5421023665382498,0.538800220143093,0.5415520088057237,0.5443037974683544,0.5395122946526903,0.0046943555476637935,37,0.20076979090814523,0.20691103875643316,0.21144708423326133,0.2064191315292637,0.20971162001696353,0.2070517330888134,0.0036407935218331264,66,0.5291190145630533,0.5387585990066778,0.546222344904416,0.5380507596097159,0.542958550434208,0.5390218537036142,0.005769284262367044,66
1.1792762279510498,0.07046138833000644,0.3387001514434814,0.006080175114698103,DecisionTreeClassifier(),,,,10,best,,,,,,"{'clf': DecisionTreeClassifier(), 'clf__class_weight': None, 'clf__max_depth': 10, 'clf__splitter': 'best'}",0.6065221396548548,0.587913775102868,0.5804569463210908,0.5871514555951357,0.5889325635671293,0.5901953760482157,0.008688683138175803,54,0.15738390324025683,0.15253515125692374,0.1558209774848984,0.15472335632831197,0.15825623773479114,0.1557439252090364,0.002017174773747934,43,0.5797579757975797,0.5910842047330765,0.6246560264171711,0.6048431480462301,0.6213538800220143,0.6043390470032144,0.017218932709370055,9,0.24756312389900176,0.24249266200045158,0.24942314031425117,0.24641255605381165,0.25226231705954644,0.24763075986541253,0.003241993045531715,43,0.6216897925533998,0.6103483232578987,0.6296114147199482,0.6187710795286899,0.6269255624520957,0.6214692345024065,0.006738990524014074,48
1.0375106811523438,0.037628442750341655,0.315201997756958,0.0053973036021085705,DecisionTreeClassifier(),,,,10,random,,,,,,"{'clf': DecisionTreeClassifier(), 'clf__class_weight': None, 'clf__max_depth': 10, 'clf__splitter': 'random'}",0.6441687649696002,0.5941165632868636,0.6299594644392581,0.5563812799410391,0.6309421446996684,0.6111136434672859,0.03201720736913797,39,0.1653198653198653,0.15164291945332944,0.16130070830650353,0.15346153846153845,0.16204450177362142,0.15875390666297162,0.005272595720382931,42,0.5401540154015402,0.5740231150247661,0.5514584479911943,0.658778205833792,0.5531095211887727,0.575504661088013,0.04304906279843844,24,0.2531580304202114,0.23990799309948246,0.2495952173371528,0.24893417905791826,0.25065469509913957,0.2484500230027809,0.004506396895815803,42,0.6244799384881453,0.6199470361527886,0.6294669291693594,0.6381992782000314,0.6313545249278949,0.628689541387644,0.006201511390407784,42
1.3567119598388673,0.16956036081721407,0.318247127532959,0.013401257561809606,DecisionTreeClassifier(),,balanced,,,best,,,,,,"{'clf': DecisionTreeClassifier(), 'clf__class_weight': 'balanced', 'clf__max_depth': None, 'clf__splitter': 'best'}",0.5395197445188233,0.5497144260885586,0.5503623633460263,0.5404741432256479,0.5440977766859109,0.5448336907729934,0.004520465613048104,63,0.1262174256383259,0.13198985720005338,0.13159303882195447,0.13142485361093037,0.1315720294426919,0.1305594409427912,0.002179072587380634,64,0.5275027502750275,0.5443037974683544,0.5410016510731975,0.5558613098514034,0.5509080902586682,0.5439155197853303,0.009691422347171684,36,0.20369583687340698,0.21245972073039743,0.21169376547862603,0.21258682382656283,0.21241379310344827,0.21056998800248833,0.003451236396883058,64,0.5341226327955989,0.5471793081927974,0.546142996750169,0.5469656988068861,0.5467802550745438,0.544238178323999,0.0050696027787032446,64
1.3377254486083985,0.1935951840671833,0.3127556324005127,0.0051775583055347655,DecisionTreeClassifier(),,balanced,,,random,,,,,,"{'clf': DecisionTreeClassifier(), 'clf__class_weight': 'balanced', 'clf__max_depth': None, 'clf__splitter': 'random'}",0.5266842719400602,0.543941534115335,0.5509765385087827,0.5418253285837121,0.5477828276624493,0.5422421001620679,0.008391637119913935,65,0.12409038682497127,0.13152016817763762,0.1307795698924731,0.12801582069874753,0.12997064318121163,0.1288753177550082,0.0026629099476082646,65,0.5346534653465347,0.5509080902586682,0.5354980737479361,0.5343973582828839,0.5360484314804623,0.5383010838232971,0.0063310680452611495,38,0.2014299036369288,0.21234620280016972,0.21021929350761587,0.20655179748989577,0.20921490709913007,0.20795242090674804,0.003756138431751572,65,0.5303603364138695,0.5466768490075719,0.5443692582688253,0.5380995555856554,0.5427051347634517,0.5404422268078747,0.005771403033159538,65
1.0966562271118163,0.05502528204487702,0.31923203468322753,0.012187515507279643,DecisionTreeClassifier(),,balanced,,10,best,,,,,,"{'clf': DecisionTreeClassifier(), 'clf__class_weight': 'balanced', 'clf__max_depth': 10, 'clf__splitter': 'best'}",0.6378431492968126,0.6181907510900939,0.585738852720796,0.5386316177373787,0.6248618105883798,0.6010532362866922,0.03562310803264481,43,0.16081822717445535,0.1509044747699143,0.1546117185309784,0.1465806131314385,0.1639780736100235,0.155378621443362,0.006349030900313265,44,0.5319031903190319,0.523390203632361,0.6070445789763346,0.6499724821133737,0.5762245459548707,0.5777070001991943,0.0471879104521504,21,0.24696718171370197,0.2342653036088188,0.24645291028935315,0.23921409763013976,0.2553035844915874,0.24444061554672025,0.007201255773689051,45,0.6153108656873292,0.6023384801254508,0.618253442684513,0.6116116730627761,0.6238325443857898,0.6142694011891718,0.007180826400340305,56
1.0550599098205566,0.068869797294695,0.316452693939209,0.022250308491497815,DecisionTreeClassifier(),,balanced,,10,random,,,,,,"{'clf': DecisionTreeClassifier(), 'clf__class_weight': 'balanced', 'clf__max_depth': 10, 'clf__splitter': 'random'}",0.6415279739605724,0.602653073757907,0.6073578184498218,0.6020759120501167,0.5778159931212382,0.6062861542679312,0.020418666991804488,41,0.16141533277169334,0.16120576671035386,0.1629345904537419,0.1597080291970803,0.16019352237602472,0.16109144830177882,0.0011167150243567283,41,0.5269526952695269,0.6092460099064392,0.6086956521739131,0.6020913593835994,0.6560264171711613,0.600602426780928,0.041565683945492135,12,0.24713014317038565,0.25495163519115616,0.2570598489250436,0.2524518287758163,0.25750702095484984,0.2538200954034503,0.003794665193093693,17,0.621677433903086,0.6356749369462609,0.6376313615256761,0.6301635226395257,0.6472232045886861,0.6344740919206469,0.008441394646650408,29
0.9621144294738769,0.020764067163948078,16.883107376098632,6.832942982472028,KNeighborsClassifier(),,,,,,3.0,uniform,,,,"{'clf': KNeighborsClassifier(), 'clf__n_neighbors': 3, 'clf__weights': 'uniform'}",0.5541976294294663,0.5533378370079224,0.5582238054293084,0.5559513573271097,0.5532489866109814,0.5549919231609576,0.0018852219108875324,61,0.13261309925725862,0.13431635388739946,0.13408657772937654,0.132917401329174,0.1341021858656296,0.13360712361376764,0.0006988235420228855,61,0.5401540154015402,0.5514584479911943,0.5421023665382498,0.5393505778756191,0.550357732526142,0.544684628066549,0.005171370567677505,35,0.2129458961292421,0.21601810930257626,0.2149950889446688,0.2132752992383025,0.21565667457407806,0.21457821363777355,0.0012467725469514257,61,0.5647743101306328,0.5706856249040793,0.5659014671323432,0.5633976343178199,0.5704868811115057,0.5670491835192762,0.002995582884534409,61
0.9710939407348633,0.02683071474370877,17.086396646499633,6.993303790434684,KNeighborsClassifier(),,,,,,3.0,distance,,,,"{'clf': KNeighborsClassifier(), 'clf__n_neighbors': 3, 'clf__weights': 'distance'}",0.5529079407971504,0.5556715592949703,0.5527576464807763,0.5539245792900135,0.5498710232158212,0.5530265498157464,0.0018892462680933145,62,0.1332258930969648,0.134610196924737,0.1341545052885259,0.13062940857297883,0.13321799307958476,0.13316759939255823,0.0013786530530635129,62,0.5456545654565457,0.5492570170610898,0.5514584479911943,0.5299944964226747,0.5509080902586682,0.5454545234380346,0.007991244095700636,34,0.2141623488773748,0.21622792763514245,0.2158087443463278,0.20959843290891284,0.2145536384096024,0.21407021843547208,0.0023629316544630293,62,0.5662795557122252,0.5679149279189637,0.5733064324510552,0.5564755494112998,0.5693577821781877,0.5666668495343463,0.005601704636239802,62
0.9793307781219482,0.020696198546663686,17.708829259872438,7.101780414730522,KNeighborsClassifier(),,,,,,5.0,uniform,,,,"{'clf': KNeighborsClassifier(), 'clf__n_neighbors': 5, 'clf__weights': 'uniform'}",0.5661733095866855,0.559479211447522,0.5581623879130327,0.571674241493674,0.5687876182287188,0.5648553537339265,0.005242053783207085,59,0.1380071763731714,0.13395297977036633,0.13644354293441516,0.1391182645206438,0.14189375172034133,0.13788314306378763,0.0026512081440917485,59,0.5500550055005501,0.5393505778756191,0.5553109521188773,0.5470555861309851,0.5674188222344524,0.5518381887720969,0.00934676073145704,31,0.22065313327449249,0.21460637249534656,0.2190620929222753,0.22182548538272706,0.22701750522954972,0.2206329178608782,0.004024234631724745,59,0.578968334095767,0.5737603197781586,0.5844680030613054,0.5781313557234257,0.5858894212797253,0.5802434867876763,0.004423611206429006,59
1.009070062637329,0.057841858972346706,17.33566584587097,6.917063336399451,KNeighborsClassifier(),,,,,,5.0,distance,,,,"{'clf': KNeighborsClassifier(), 'clf__n_neighbors': 5, 'clf__weights': 'distance'}",0.5639010010440336,0.5555487318061783,0.5650411497359047,0.5630757892150842,0.5598820783687508,0.5614897500339904,0.003429938697019711,60,0.1400735795067448,0.13427800269905532,0.1383431790081055,0.13724147377071633,0.13774888256806175,0.13753702351053673,0.001888780218383899,60,0.5654565456545655,0.5476059438635112,0.554210236653825,0.5514584479911943,0.5597138139790864,0.5556889976284365,0.006277327194261452,30,0.2245276837392159,0.21567139915465483,0.22141600703605982,0.21978504057907436,0.22108695652173913,0.22049741740614878,0.0028716665161522734,60,0.5864927367261441,0.5692859334787714,0.5863730055714922,0.5777727576156441,0.5794588155304751,0.5798766497845054,0.006367722740839387,60
0.9823729515075683,0.024070569189018294,17.077796125411986,6.634496344739162,KNeighborsClassifier(),,,,,,7.0,uniform,,,,"{'clf': KNeighborsClassifier(), 'clf__n_neighbors': 7, 'clf__weights': 'uniform'}",0.5761223361788368,0.5700423754836332,0.5703230561356099,0.582483724358187,0.5774474880235844,0.5752837960359702,0.004675577187877687,57,0.14035087719298245,0.13889662858735025,0.1435650378527185,0.13963246997540155,0.14219081272084805,0.1409271652658602,0.0017138611213191716,57,0.5456545654565457,0.5487066593285636,0.5740231150247661,0.531095211887727,0.5536598789212989,0.5506278861237803,0.013903093967339124,33,0.22327256358316452,0.2216787103946637,0.22968509138956178,0.22112740604949588,0.22627080521817364,0.2244069153270119,0.0031880484690989816,57,0.5847358690241647,0.5834188202561168,0.599108165554759,0.5824164223855772,0.5910485922313382,0.5881455738903913,0.006251358182771927,58
0.9667189121246338,0.019111589788746174,17.45219497680664,6.898419868455218,KNeighborsClassifier(),,,,,,7.0,distance,,,,"{'clf': KNeighborsClassifier(), 'clf__n_neighbors': 7, 'clf__weights': 'distance'}",0.5668488607750415,0.5657434133759135,0.5678663554845842,0.5781844982188921,0.5682962780985137,0.569387881190589,0.004485886294815462,58,0.14119259766963674,0.13885070112730272,0.14120720472982262,0.13936884192488933,0.13975670445120267,0.14007520998057083,0.0009622672075953778,58,0.5665566556655666,0.5558613098514034,0.5652173913043478,0.5371491469455146,0.5564116675839296,0.5562392342701524,0.010503908626387651,29,0.22605069680675957,0.22219777802221977,0.22596259625962598,0.22131519274376418,0.22340072920119325,0.22378539860671257,0.0019309164783687703,58,0.5902888577831168,0.5871915251757275,0.5987875959677973,0.5803135345959665,0.5872988545215987,0.5887760736088413,0.005980411899105949,57
6.342240190505981,2.31667989525195,0.5377116680145264,0.009368349894808914,RandomForestClassifier(),,,,,,,,sqrt,50.0,,"{'clf': RandomForestClassifier(), 'clf__class_weight': None, 'clf__max_depth': None, 'clf__max_features': 'sqrt', 'clf__n_estimators': 50}",0.5983541116501873,0.5987225941165633,0.5974081808131679,0.5967940056504115,0.5972853457806166,0.5977128476021892,0.0007142349465928433,46,0.15391380826737028,0.15362020854751066,0.150383707201889,0.15108759553204,0.15279812481687666,0.1523606888731373,0.0013942125412826638,52,0.5775577557755776,0.5756741882223445,0.5608145294441387,0.565767749036874,0.5740231150247661,0.5707674675007401,0.00640064566387458,27,0.24305555555555555,0.242522606074658,0.23716978936343536,0.2384874144530797,0.24135138262177486,0.2405173496137007,0.002301562526698656,53,0.6204374619971502,0.6195160633618266,0.6155774637544822,0.614789194725621,0.6250498755750172,0.6190740118828194,0.003697319555475015,51
11.571392059326172,4.59204239986787,0.751020860671997,0.02225800736631974,RandomForestClassifier(),,,,,,,,sqrt,100.0,,"{'clf': RandomForestClassifier(), 'clf__class_weight': None, 'clf__max_depth': None, 'clf__max_features': 'sqrt', 'clf__n_estimators': 100}",0.5895105324571639,0.5968187680402874,0.5936002948040782,0.5936617123203538,0.5861073578184498,0.5919397330880666,0.003726802295398027,51,0.1495246326707001,0.15067686874632136,0.1548748921484038,0.15509558717838148,0.1529892836999436,0.15263225288875007,0.0022228696873928663,50,0.570957095709571,0.5635663181067694,0.592735277930655,0.5938359933957073,0.597138139790864,0.5836465649867133,0.013657896545738051,19,0.236986301369863,0.23778009984906537,0.24558203169535972,0.24595395486665148,0.24357391401953082,0.24197526036009406,0.003844049596031156,49,0.6203413307110179,0.6160091021696938,0.6266025007509634,0.6286258881961488,0.6233708564559358,0.622989935656752,0.0044879133809399285,44
6.205238723754883,2.277820511634542,0.5247581481933594,0.008559824379977366,RandomForestClassifier(),,,,,,,,log2,50.0,,"{'clf': RandomForestClassifier(), 'clf__class_weight': None, 'clf__max_depth': None, 'clf__max_features': 'log2', 'clf__n_estimators': 50}",0.6006264201928392,0.603144383713075,0.598759366171232,0.5979609384596487,0.5912664291856037,0.5983515075444797,0.003966462346878134,45,0.15495654735601708,0.15080439031724552,0.15586690017513136,0.15375604041587349,0.15214265171124533,0.15350530599510256,0.0018383616893714173,46,0.5786578657865786,0.5520088057237205,0.5877820583379196,0.5778756191524491,0.5822784810126582,0.5757205660026652,0.01236127344780307,23,0.2444521900778436,0.23689182805857345,0.24639520129195985,0.24288688410825815,0.2412495724546802,0.24237513519826304,0.0032270892146104026,48,0.6268832206414557,0.6134432009590971,0.626325115127114,0.6200034394980312,0.6143986557041544,0.6202107263859705,0.005683844880624756,49
11.697934198379517,4.600337266967154,0.7936049461364746,0.025162615519123483,RandomForestClassifier(),,,,,,,,log2,100.0,,"{'clf': RandomForestClassifier(), 'clf__class_weight': None, 'clf__max_depth': None, 'clf__max_features': 'log2', 'clf__n_estimators': 100}",0.5899404286679358,0.5925198059325677,0.5967940056504115,0.5939073823854564,0.5897309912787126,0.5925785227830168,0.002630877706958285,50,0.15208363167692968,0.15066705336426914,0.15514235909355026,0.15218337443783547,0.15593604075279469,0.15320249186507584,0.001997712252961091,48,0.5841584158415841,0.5718216840946615,0.5877820583379196,0.5773252614199229,0.6064942212438085,0.5855163281875793,0.01184640289502302,17,0.2413362117941143,0.23849420406289454,0.2454890242500862,0.24087256027554535,0.2480864475461504,0.24285568958575815,0.0034513606267972453,46,0.6216042136533045,0.6178029769536844,0.628877059061774,0.6202401142491669,0.6262109915171098,0.6229470710870079,0.00403510891591758,45
15.182690286636353,5.986117423577578,0.5269598484039306,0.011105935045808027,RandomForestClassifier(),,,,,,,,,50.0,,"{'clf': RandomForestClassifier(), 'clf__class_weight': None, 'clf__max_depth': None, 'clf__max_features': None, 'clf__n_estimators': 50}",0.5952220106859916,0.5981698704169993,0.596364083036482,0.5928632846087705,0.5866601154649306,0.5938558728426349,0.0039882873942579476,49,0.15104547448457376,0.1490941490941491,0.15041905602117336,0.15089959373186304,0.14872014872014871,0.15003568441038156,0.0009518520899415167,56,0.5682068206820682,0.5525591634562466,0.5630159603742433,0.5723720418271877,0.5723720418271877,0.5657052056333867,0.00741892111440353,28,0.23865080281852835,0.2348263361010408,0.23741007194244604,0.2388333907452061,0.23609534619750283,0.23716318956094481,0.0015273958001941874,56,0.6182704011846052,0.6111384210188717,0.6220389450861692,0.6164464316254235,0.6156956204042133,0.6167179638638566,0.0035488904482404663,55
29.253809881210326,11.86333162357463,0.7458785057067872,0.01137570745683006,RandomForestClassifier(),,,,,,,,,100.0,,"{'clf': RandomForestClassifier(), 'clf__class_weight': None, 'clf__max_depth': None, 'clf__max_features': None, 'clf__n_estimators': 100}",0.5857642940490082,0.5919056684886077,0.5925561970273923,0.5899152438275396,0.587274290627687,0.589483138804047,0.002615640198737729,56,0.14892404161322503,0.1526618705035971,0.1529038766392852,0.15086206896551724,0.1492345113750179,0.15091727381932848,0.0016611995667189172,55,0.5748074807480749,0.5839295542102366,0.5839295542102366,0.5778756191524491,0.5740231150247661,0.5789130646691526,0.004293577871411827,20,0.23655913978494625,0.2420440287441542,0.24234810415714939,0.23926170673350802,0.2368839427662957,0.2394193844372107,0.00245358852017176,54,0.6154433884453083,0.6161408707309136,0.6236052673781685,0.6177427685409964,0.6188634970145043,0.6183591584219783,0.0028836944331425154,52
2.630121183395386,0.6049177221641626,0.4337140083312988,0.010246346663897987,RandomForestClassifier(),,,,10,,,,sqrt,50.0,,"{'clf': RandomForestClassifier(), 'clf__class_weight': None, 'clf__max_depth': 10, 'clf__max_features': 'sqrt', 'clf__n_estimators': 50}",0.6124792728612664,0.6220598169870417,0.6112271219751874,0.6042255251197641,0.6275027637882324,0.6154989001462984,0.008265513829132131,36,0.16587325200833086,0.16571604747957452,0.16485964651715432,0.16002939015429832,0.17191844300278036,0.16567935583242768,0.0037830988950553588,37,0.6133113311331133,0.5916345624656026,0.6108970831040176,0.5993395707209687,0.6125481563015961,0.6055461407450596,0.00860247068504153,8,0.2611241217798595,0.25891136801541426,0.2596491228070175,0.25260960334029225,0.2684838982028706,0.26015562282909077,0.005080261476699643,11,0.651342814889854,0.6504861645483639,0.6549564441221395,0.6459929182105251,0.6572234309715764,0.6520003545484918,0.003868679723179548,12
4.239897918701172,1.2593156314010572,0.5386312484741211,0.011950380210666705,RandomForestClassifier(),,,,10,,,,sqrt,100.0,,"{'clf': RandomForestClassifier(), 'clf__class_weight': None, 'clf__max_depth': 10, 'clf__max_features': 'sqrt', 'clf__n_estimators': 100}",0.6237179880857335,0.6249462629736535,0.6209925070630143,0.6246775580395528,0.6290382016951235,0.6246745035714156,0.0025918234499888535,29,0.16838540865014623,0.16764797025100714,0.1675320708613317,0.1660964230171073,0.16815967311016816,0.16756430917795212,0.0007989231277693927,22,0.6017601760176018,0.5954870665932857,0.6037424325811778,0.5877820583379196,0.5888827738029719,0.5955309014665913,0.006488099836444404,14,0.2631389055923031,0.261637045097328,0.2622833233711895,0.25900327391778827,0.2616136919315403,0.2615352479820298,0.0013826599933999262,4,0.6524138915792719,0.6523376583552986,0.6557174901328449,0.6528856684601645,0.6530007432587837,0.6532710903572727,0.001250007560110499,8
2.6539586544036866,0.6467590056951716,0.4435616970062256,0.014684573357536663,RandomForestClassifier(),,,,10,,,,log2,50.0,,"{'clf': RandomForestClassifier(), 'clf__class_weight': None, 'clf__max_depth': 10, 'clf__max_features': 'log2', 'clf__n_estimators': 50}",0.616593993735798,0.617760854879322,0.6122712197518733,0.6088318388404373,0.6163247758260656,0.6143565366066993,0.0033268722465427027,38,0.16734325665313488,0.1649688307739091,0.16467780429594273,0.1647024160282852,0.16811507341923884,0.16596147623410212,0.0014673574355679418,35,0.6122112211221122,0.597138139790864,0.6075949367088608,0.6152999449642268,0.6175013758943313,0.6099491236960791,0.007217317940412486,5,0.2628409493446688,0.25851798903979034,0.25912451590188945,0.2598489250435793,0.2642798256977977,0.2609224410055451,0.0022413864759845176,8,0.6549691280915163,0.648645913013651,0.6527435608811125,0.6516273029940945,0.6545629564159668,0.6525097722792682,0.0022815264050434427,10
4.282265758514404,1.2439684999339637,0.55557861328125,0.008135215705689347,RandomForestClassifier(),,,,10,,,,log2,100.0,,"{'clf': RandomForestClassifier(), 'clf__class_weight': None, 'clf__max_depth': 10, 'clf__max_features': 'log2', 'clf__n_estimators': 100}",0.6266044340723453,0.6263587790947615,0.5977152683945461,0.6222208573885272,0.6246161405232772,0.6195030958946914,0.011006073560907183,31,0.16889372280919826,0.1656480175521078,0.16437384768117996,0.1666153846153846,0.16782675947409126,0.16667154642639237,0.0015876252763882652,30,0.5979097909790979,0.5817281232801321,0.6378646119977985,0.5960374243258117,0.597138139790864,0.6021356180747409,0.018831076556508626,10,0.26338744850981344,0.2578677726274701,0.2613892647722147,0.2604304436695924,0.26201400627867666,0.26101778717155344,0.0018446304232808727,6,0.6550782074405159,0.6487496995402879,0.658230815809744,0.6513030047477628,0.6545694054747753,0.6535862266026171,0.003267107359160437,7
6.310864019393921,2.0250227243790877,0.43103904724121095,0.0022710999352759144,RandomForestClassifier(),,,,10,,,,,50.0,,"{'clf': RandomForestClassifier(), 'clf__class_weight': None, 'clf__max_depth': 10, 'clf__max_features': None, 'clf__n_estimators': 50}",0.6067063808880427,0.5984155253945833,0.6066208082545141,0.617798796216681,0.6034270974081808,0.6065937216324004,0.006363607858973245,40,0.16574344023323614,0.16135972461273665,0.16743983763409684,0.1662121212121212,0.1653202538949798,0.16521507551743414,0.0020541484345290594,39,0.6254125412541254,0.6191524490919097,0.635663181067694,0.6037424325811778,0.6307099614749587,0.6229361130939731,0.011056736943587208,1,0.26204194514865176,0.2560018204573899,0.26506024096385544,0.2606629440418201,0.2619727968910733,0.2611479495005581,0.0029496949114843833,5,0.6557781633676676,0.6524130823982083,0.6656516659783231,0.6582821609711711,0.6587877938150292,0.6581825733060798,0.004364212813371917,3
11.640530824661255,4.0548312460116085,0.5454727172851562,0.009709940320694645,RandomForestClassifier(),,,,10,,,,,100.0,,"{'clf': RandomForestClassifier(), 'clf__class_weight': None, 'clf__max_depth': 10, 'clf__max_features': None, 'clf__n_estimators': 100}",0.5974329054842473,0.6274028127494934,0.5931703721901487,0.6155877656307579,0.5874585431765139,0.6042104798462322,0.014938365444685459,42,0.16541884446955785,0.16472073209214264,0.16295049782639182,0.16611545399879735,0.16178906681391497,0.16419891904016093,0.001599972277354489,40,0.6441144114411441,0.5745734727572922,0.639515685195377,0.6081452944413869,0.6450192625206385,0.6222736252711678,0.027446627722617908,2,0.26323479824659995,0.25603923973022685,0.2597228430934287,0.26095170622269453,0.2586910936982673,0.25972793619824347,0.002386513961475177,12,0.6625436878288589,0.6520161598056848,0.659906791125258,0.6563930623346239,0.6593691793201703,0.658045776082919,0.003592595673741579,4
6.276122951507569,2.2979595710310705,0.5373120307922363,0.00600699694707223,RandomForestClassifier(),,balanced,,,,,,sqrt,50.0,,"{'clf': RandomForestClassifier(), 'clf__class_weight': 'balanced', 'clf__max_depth': None, 'clf__max_features': 'sqrt', 'clf__n_estimators': 50}",0.5958361481299514,0.5960818031075354,0.5975310158457192,0.6030585923105269,0.5942144699668346,0.5973444058721136,0.003044741560929706,47,0.15034503009837027,0.151333138001758,0.15440747227086982,0.1541095890410959,0.15687679083094555,0.1534144040486079,0.0023328229123755206,47,0.5632563256325632,0.5685195376995047,0.5822784810126582,0.569620253164557,0.6026417171161255,0.5772632629250817,0.014144122248688842,22,0.23733920500637384,0.23903737128311928,0.24408813011881417,0.24258760107816713,0.2489485051722178,0.24240016253173846,0.004066615673411001,47,0.6096551290109999,0.6181092194926011,0.6215316001028044,0.6161573844291566,0.6250963316269643,0.6181099329325053,0.005211789106636406,53
11.589394855499268,4.540678978968161,0.771508264541626,0.013945264273535821,RandomForestClassifier(),,balanced,,,,,,sqrt,100.0,,"{'clf': RandomForestClassifier(), 'clf__class_weight': 'balanced', 'clf__max_depth': None, 'clf__max_features': 'sqrt', 'clf__n_estimators': 100}",0.5925198059325677,0.5965116993183074,0.5908365065716742,0.5902837489251934,0.5835892396511485,0.5907482000797782,0.004191198828506147,53,0.15548562437419539,0.15622739765658902,0.15555239584814445,0.15048963133640553,0.15337337616985613,0.1542256850770381,0.00209947563834304,45,0.5979097909790979,0.5943863511282333,0.6020913593835994,0.5751238304898184,0.6042927903137039,0.5947608244588906,0.010394833985223992,15,0.24679305255988193,0.24742268041237114,0.2472316384180791,0.23855724232393563,0.2446524064171123,0.24493140402627606,0.003336796326578172,44,0.6204980764236119,0.626450262627849,0.6241206213696697,0.6152398108199988,0.624983425538387,0.6222584393559033,0.004020564091486332,46
6.308800888061524,2.3071204956728075,0.5474911689758301,0.01412792864776029,RandomForestClassifier(),,balanced,,,,,,log2,50.0,,"{'clf': RandomForestClassifier(), 'clf__class_weight': 'balanced', 'clf__max_depth': None, 'clf__max_features': 'log2', 'clf__n_estimators': 50}",0.5890192225019959,0.5992139040717313,0.5967940056504115,0.6009089792408795,0.5886254759857511,0.5949123174901538,0.005143098176095999,48,0.15125930165998855,0.15175269930483656,0.15433896330809552,0.15124422589777978,0.1484948869364828,0.15141801542143665,0.0018570957355257172,54,0.5814081408140814,0.5646670335718217,0.5833791964777105,0.5586130985140341,0.5674188222344524,0.5710972583224201,0.009673605647585804,26,0.24006359300476948,0.23921660060620192,0.24409902130109384,0.23803939962476547,0.23538812785388127,0.23936134847814242,0.00284582761245091,55,0.6173813579076539,0.6119512315937752,0.6206783839153245,0.6139521297208204,0.6197651287024779,0.6167456463680103,0.0033399992704006417,54
11.574661445617675,4.549050499515299,0.7803411960601807,0.04030167478480118,RandomForestClassifier(),,balanced,,,,,,log2,100.0,,"{'clf': RandomForestClassifier(), 'clf__class_weight': 'balanced', 'clf__max_depth': None, 'clf__max_features': 'log2', 'clf__n_estimators': 100}",0.5861941902597801,0.5938094945648836,0.591205011669328,0.5921262744134628,0.5875199606927896,0.5901709863200489,0.002862654222230939,55,0.1532280800676628,0.15122873345935728,0.15588109799459537,0.14819136522753792,0.15319269432252583,0.15234439421433582,0.002549554316958574,53,0.5979097909790979,0.5723720418271877,0.6031920748486517,0.5591634562465603,0.5954870665932857,0.5856248860989567,0.01692709522457593,16,0.2439407540394973,0.23924545663676097,0.24773960216998192,0.23429032630001154,0.2436936936936937,0.2417819665679891,0.0046123105370829,51,0.6249691699207944,0.612890845868562,0.6248093009505609,0.6144887522897489,0.6202469818309658,0.6194810101721264,0.005048766125316755,50
14.941544532775879,5.888255630259007,0.5291237354278564,0.01163822179196379,RandomForestClassifier(),,balanced,,,,,,,50.0,,"{'clf': RandomForestClassifier(), 'clf__class_weight': 'balanced', 'clf__max_depth': None, 'clf__max_features': None, 'clf__n_estimators': 50}",0.5960203893631395,0.6020389363139471,0.6063137206731359,0.5977766859108218,0.5929247021250461,0.599014886877218,0.004690593930128877,44,0.1518431831480398,0.1526888127513779,0.1567777611717232,0.15010351966873706,0.15403422982885084,0.15308950131374577,0.002241683270479148,49,0.570957095709571,0.5641166758392956,0.5773252614199229,0.5586130985140341,0.589433131535498,0.5720890526036644,0.010720787406437051,25,0.23988906863877976,0.2403282532239156,0.2465914433474377,0.2366243151882504,0.24424173318129988,0.24153496271593666,0.0034978329571731426,52,0.6187968226480443,0.6191293938737491,0.6286779943084678,0.620517347682838,0.6290467130631108,0.6232336543152419,0.0046333840916528025,43
29.065039300918578,11.83007001971565,0.7362777709960937,0.012291195042285362,RandomForestClassifier(),,balanced,,,,,,,100.0,,"{'clf': RandomForestClassifier(), 'clf__class_weight': 'balanced', 'clf__max_depth': None, 'clf__max_features': None, 'clf__n_estimators': 100}",0.5919670822330038,0.588896395013204,0.5947672276133154,0.5956270728411743,0.5854317651394177,0.591337908568023,0.003778797094706458,52,0.1507959479015919,0.15119439279073094,0.15638924823918354,0.15138218516893373,0.15275235815852456,0.15250282645179292,0.0020517217305255422,51,0.5731573157315731,0.5817281232801321,0.5987892129884425,0.569620253164557,0.597138139790864,0.5840866089911138,0.012006634644408846,18,0.2387717690192484,0.24000908265213441,0.24800547070891268,0.23919574763115323,0.24327354260089687,0.24185112252246915,0.0034590699667577376,50,0.6198143388483335,0.6197134594004836,0.6309452094431723,0.615599360116395,0.6233814336733325,0.6218907602963434,0.005154396917477293,47
2.5953699588775634,0.6059897437992929,0.42913475036621096,0.0033130007753065446,RandomForestClassifier(),,balanced,,10,,,,sqrt,50.0,,"{'clf': RandomForestClassifier(), 'clf__class_weight': 'balanced', 'clf__max_depth': 10, 'clf__max_features': 'sqrt', 'clf__n_estimators': 50}",0.6098384818522385,0.616839648713382,0.612148384719322,0.6396020144945338,0.6101216066822258,0.6177100272923404,0.011229371181088639,32,0.16776556776556775,0.16306004266991772,0.16432835820895522,0.16735096074889144,0.16570754020953224,0.1656424939205729,0.0017791312264716632,38,0.6298129812981298,0.5888827738029719,0.6059438635112824,0.5608145294441387,0.6180517336268575,0.6007011763366761,0.024110761223914097,11,0.26495429827606154,0.25540040577634565,0.25854174004931313,0.25777890209967114,0.26134512450546893,0.2596040941413721,0.0032798411268784595,13,0.6574637882039155,0.648057795703527,0.6538185752297929,0.6462083624317784,0.6546122470099862,0.6520321537158,0.004220495302080369,11
4.310916471481323,1.2494257458154259,0.5683268547058106,0.01471482803483718,RandomForestClassifier(),,balanced,,10,,,,sqrt,100.0,,"{'clf': RandomForestClassifier(), 'clf__class_weight': 'balanced', 'clf__max_depth': 10, 'clf__max_features': 'sqrt', 'clf__n_estimators': 100}",0.5990296628385433,0.6203402321439538,0.6114727920402899,0.6274413462719568,0.627748433853335,0.6172064934296158,0.01085336391069486,34,0.164602021927951,0.1661312528682882,0.1678208339472521,0.16664051467126942,0.1700870646766169,0.16705633761827554,0.0018342364713891377,24,0.6358635863586358,0.5976884975233901,0.6268574573472757,0.5844799119427628,0.6020913593835994,0.6093961625111327,0.019061324471615907,6,0.26150887908607623,0.2599952118745511,0.26476057647605766,0.25934065934065936,0.2652442720329737,0.2621699197620636,0.0024221555606053005,3,0.6547362150663736,0.6484055071992012,0.661307968049955,0.6500679814503001,0.657303197648814,0.6543641738829288,0.00471074369582096,6
2.6336520195007322,0.6253832655120825,0.43787317276000975,0.012078947023339313,RandomForestClassifier(),,balanced,,10,,,,log2,50.0,,"{'clf': RandomForestClassifier(), 'clf__class_weight': 'balanced', 'clf__max_depth': 10, 'clf__max_features': 'log2', 'clf__n_estimators': 50}",0.6157342013142542,0.6190505435116379,0.6107357818449822,0.6231421201326618,0.6111657044589117,0.6159656702524895,0.00472150099336,35,0.166290783340851,0.16292652935751614,0.1680129240710824,0.16771811047853516,0.16483516483516483,0.1659567024166299,0.0018911378179038132,36,0.6083608360836084,0.5833791964777105,0.6296092460099064,0.5998899284534948,0.6108970831040176,0.6064272580257475,0.015067000008576439,7,0.26118786161294133,0.25471584765108735,0.26524460932065846,0.2621452621452621,0.25961875803999535,0.2605824677539889,0.003460935129878475,10,0.6533143618544364,0.6466598733667412,0.6633663021648482,0.6512005046626315,0.6515242131720219,0.6532130510441359,0.005530740025855945,9
4.235661792755127,1.2337353330928598,0.5489208698272705,0.00756440893843515,RandomForestClassifier(),,balanced,,10,,,,log2,100.0,,"{'clf': RandomForestClassifier(), 'clf__class_weight': 'balanced', 'clf__max_depth': 10, 'clf__max_features': 'log2', 'clf__n_estimators': 100}",0.6267272615611373,0.6243321255296935,0.596364083036482,0.648998894484707,0.6085861687753348,0.621001706677471,0.017826240622437258,30,0.17007434944237917,0.16614906832298137,0.16281378527868387,0.17088821344140492,0.1647041507212246,0.16692591344133478,0.0031003801860957606,25,0.6039603960396039,0.5888827738029719,0.631810676940011,0.5569620253164557,0.6158503026967529,0.5994932349591591,0.025508476743604857,13,0.2654097171863669,0.25917403415284,0.2589084348218313,0.26153249773872594,0.2599001277435838,0.2609849623286696,0.0023935974597934975,7,0.6552986097088797,0.6501496192350826,0.6585290134404853,0.6532620918425874,0.6547377658595959,0.6543954200173262,0.002732427635520795,5
6.216245651245117,1.9813088611432437,0.4303154945373535,0.006789533051631296,RandomForestClassifier(),,balanced,,10,,,,,50.0,,"{'clf': RandomForestClassifier(), 'clf__class_weight': 'balanced', 'clf__max_depth': 10, 'clf__max_features': None, 'clf__n_estimators': 50}",0.6200331634219738,0.6164097525026101,0.6110428694263604,0.6124554723007002,0.6125783073332515,0.6145039129969792,0.003289003604120862,37,0.16805956541559033,0.16674191121143717,0.16833137485311397,0.16723448378018071,0.1673826099837061,0.16754998904880566,0.0005745921972964585,23,0.6083608360836084,0.6097963676389653,0.6307099614749587,0.6213538800220143,0.6219042377545404,0.6184250565948174,0.008334799382337577,3,0.26336468627217524,0.2618766249113685,0.2657391304347826,0.2635387488328665,0.2637721755368814,0.2636582731976148,0.0012343168601948167,2,0.6572368073309232,0.6557680541570878,0.6648124512872531,0.656932995039932,0.6590786672934366,0.6587657950217265,0.0032044765711502915,2
11.406734704971313,3.949351273680205,0.5483806610107422,0.03018629889655024,RandomForestClassifier(),,balanced,,10,,,,,100.0,,"{'clf': RandomForestClassifier(), 'clf__class_weight': 'balanced', 'clf__max_depth': 10, 'clf__max_features': None, 'clf__n_estimators': 100}",0.618497819812074,0.6237794018301296,0.6170003685050977,0.6243704704581746,0.603734184989559,0.617476449119007,0.007448146311004581,33,0.16661608497723823,0.16838540865014623,0.17027309356812417,0.1688491757818518,0.16783717930342554,0.1683921884561572,0.00120077193082471,13,0.6039603960396039,0.6020913593835994,0.627958172812328,0.6031920748486517,0.6444689047881123,0.616334181574459,0.017060851937828175,4,0.26117982873453854,0.26317055568919895,0.26790326367691947,0.2638420799229658,0.26631794405276327,0.2644827344152772,0.002371052591859553,1,0.6549899096373515,0.6597437286953235,0.6670693365136008,0.6601381772676954,0.6608076808861121,0.6605497666000166,0.0038549299335957493,1
1.4232070446014404,0.08155489208888786,0.446898365020752,0.04518499592308106,AdaBoostClassifier(),,,,,,,,,50.0,0.5,"{'clf': AdaBoostClassifier(), 'clf__learning_rate': 0.5, 'clf__n_estimators': 50}",0.6557145489160474,0.7025732358901923,0.7104164107603489,0.6681611595627073,0.665643041395406,0.6805016793049403,0.021769309355587112,3,0.1700348432055749,0.1761558219178082,0.17757009345794392,0.1700404858299595,0.17057220708446866,0.17287469029915106,0.0032927651287186,4,0.5368536853685368,0.45294441386901485,0.4391854705558613,0.5085305448541552,0.5167859108420473,0.49086000509792305,0.03796753551955047,57,0.2582693834347711,0.25366004006780707,0.2528917762636666,0.2548613984278031,0.2564872985523081,0.2552339793492712,0.0019435279100627446,16,0.6402409442465159,0.633723461104135,0.6327830199896092,0.639267501062002,0.6448809977435903,0.6381791848291705,0.004456941761950747,16
1.8775388240814208,0.16254737493195465,0.5679329872131348,0.08566860487244328,AdaBoostClassifier(),,,,,,,,,100.0,0.5,"{'clf': AdaBoostClassifier(), 'clf__learning_rate': 0.5, 'clf__n_estimators': 100}",0.6670760916293066,0.6710065712706503,0.672828890799656,0.6681611595627073,0.6836997911804447,0.672554500888553,0.005933014202460847,11,0.17298965329460883,0.17088136853849015,0.1751203258052573,0.17016188373804267,0.17659615757810984,0.17314987779090177,0.002443744026137246,2,0.5242024202420242,0.5057787561915245,0.5206384149697303,0.5090809025866814,0.5008255365987893,0.5121052061177499,0.008894487819476738,40,0.26013375187662074,0.2554551772063933,0.26208616151821584,0.255066868881842,0.2611190817790531,0.258772208252425,0.0029351707769719997,14,0.6415575778110131,0.6391045528273039,0.6409070648773414,0.6372499158673671,0.6449328755706418,0.6407503973907336,0.0025741555461957642,14
1.4171972274780273,0.08536696109881457,0.43593606948852537,0.0445176239629887,AdaBoostClassifier(),,,,,,,,,50.0,1.0,"{'clf': AdaBoostClassifier(), 'clf__learning_rate': 1.0, 'clf__n_estimators': 50}",0.7199533255542591,0.677209359454646,0.7104164107603489,0.652438275396143,0.6035499324407321,0.6727134607212257,0.04211414764824321,10,0.18366405168435626,0.1705307530178195,0.17757009345794392,0.17240791268758526,0.16046852122986824,0.17292826641551465,0.007720980924934874,3,0.43784378437843785,0.4898183819482664,0.4391854705558613,0.5564116675839296,0.6031920748486517,0.5052902758630293,0.06535505020377885,41,0.258777633289987,0.25298465036952816,0.2528917762636666,0.2632469730503841,0.2534983231178443,0.256279871218282,0.004119563108008637,15,0.6434681871228948,0.6352543313944884,0.6365966775742635,0.6448992225174499,0.6427615402483097,0.6405959917714813,0.0038983265852523975,15
1.9232713222503661,0.1441976643513923,0.5743155002593994,0.0758309032940503,AdaBoostClassifier(),,,,,,,,,100.0,1.0,"{'clf': AdaBoostClassifier(), 'clf__learning_rate': 1.0, 'clf__n_estimators': 100}",0.6524596204630596,0.6796044954860898,0.6643532735536175,0.676268271711092,0.7064242722024321,0.6758219866832581,0.018046262540610872,8,0.16950610910342453,0.1723207401696222,0.17728237791932058,0.1719224924012158,0.18472015322409024,0.1751503745635347,0.005411282446191998,1,0.5418041804180418,0.49201981287837093,0.5514584479911943,0.4980737479361585,0.47771051183269125,0.5122133402112914,0.029030839088022127,39,0.25822519334119803,0.2552462526766595,0.2683090105770518,0.25561361389634235,0.2664211172498465,0.2607630375482196,0.0055199222339907235,9,0.642193211716609,0.6414707943268336,0.6533311671597946,0.6404583701839656,0.6476676189332953,0.6450242324640996,0.004847295235351701,13
