mean_fit_time,std_fit_time,mean_score_time,std_score_time,param_clf,param_clf__max_depth,param_clf__splitter,param_clf__n_neighbors,param_clf__weights,param_clf__max_features,param_clf__n_estimators,param_clf__learning_rate,params,split0_test_accuracy,split1_test_accuracy,split2_test_accuracy,split3_test_accuracy,split4_test_accuracy,mean_test_accuracy,std_test_accuracy,rank_test_accuracy,split0_test_precision,split1_test_precision,split2_test_precision,split3_test_precision,split4_test_precision,mean_test_precision,std_test_precision,rank_test_precision,split0_test_recall,split1_test_recall,split2_test_recall,split3_test_recall,split4_test_recall,mean_test_recall,std_test_recall,rank_test_recall,split0_test_f1,split1_test_f1,split2_test_f1,split3_test_f1,split4_test_f1,mean_test_f1,std_test_f1,rank_test_f1,split0_test_roc_auc,split1_test_roc_auc,split2_test_roc_auc,split3_test_roc_auc,split4_test_roc_auc,mean_test_roc_auc,std_test_roc_auc,rank_test_roc_auc,param_clf__C,param_clf__penalty,param_clf__solver
2.748038339614868,0.5417206713253531,0.6860559940338135,0.3122913836346599,DecisionTreeClassifier(),,best,,,,,,"{'clf': DecisionTreeClassifier(), 'clf__max_depth': None, 'clf__splitter': 'best'}",0.5428975,0.543634465,0.5479670802112763,0.5510379560250583,0.5520820538017442,0.5475238111784073,0.003737728,26,0.1328808249575773,0.1301712779973649,0.1306144208983073,0.1365621278285033,0.1347385272145144,0.1329934357792535,0.002425608,26,0.559955996,0.5437534397358282,0.5393505778756191,0.5679691799669785,0.5558613098514034,0.5533781006058779,0.010504667,19,0.2147905897246545,0.2100563410226427,0.2103004291845493,0.2201834862385321,0.2169011059808869,0.2144463904302531,0.003886384,26,0.5504934904136802,0.5434179596801518,0.5440167097206341,0.5586693137611691,0.5536848000630068,0.5500564547277284,0.005798023,26,,,
2.572365665435791,0.4089749286279113,0.5842061996459961,0.065953242,DecisionTreeClassifier(),,random,,,,,,"{'clf': DecisionTreeClassifier(), 'clf__max_depth': None, 'clf__splitter': 'random'}",0.5405637781735553,0.5376159184425474,0.5459403021741801,0.5432379314580519,0.5458174671416288,0.5426350794779927,0.003190542,27,0.1304007309750685,0.1314838709677419,0.132286995515695,0.1289939265909691,0.1305960264900662,0.1307523101079081,0.001107284,27,0.5495049504950495,0.5608145294441387,0.5520088057237205,0.5376995046780407,0.542652724,0.5485361029223451,0.007947378,22,0.2107817280303829,0.2130239364482073,0.2134269603149271,0.2080715578745607,0.2105263157894736,0.2111660996915104,0.001933717,27,0.5444045545238936,0.5476777346170905,0.5488837896724125,0.5405289293554117,0.5442838034836712,0.5451557623304959,0.00293226,27,,,
1.8472660541534425,0.1011359851206054,0.5666676521301269,0.073197928,DecisionTreeClassifier(),10.0,best,,,,,,"{'clf': DecisionTreeClassifier(), 'clf__max_depth': 10, 'clf__splitter': 'best'}",0.5845360191610882,0.6057237609777069,0.6150350079842771,0.6306964746345658,0.6258444908487901,0.6123671507212857,0.016391625,12,0.1551652028439983,0.1574639083196904,0.1612117521692799,0.1616129032258064,0.1656499296105115,0.1602207392338573,0.003620909,13,0.6122112211221122,0.5822784810126582,0.5828288387451843,0.5514584479911943,0.5828288387451843,0.5823211655232667,0.0192168678162416,10,0.2475809142475809,0.2478912839737582,0.2525637968041975,0.2499688162654359,0.2579780755176614,0.2511965773617268,0.003830493,12,0.622913166,0.6217325981229704,0.6276450224965618,0.6249776993829259,0.636059332,0.626665564,0.005108145,14,,,
1.7353621482849122,0.2348336372471749,0.4765592098236084,0.008836122,DecisionTreeClassifier(),10.0,random,,,,,,"{'clf': DecisionTreeClassifier(), 'clf__max_depth': 10, 'clf__splitter': 'random'}",0.6696554688939385,0.5419148805502672,0.5891168161159562,0.7062400196536052,0.6338287679646235,0.6281511906356781,0.057988083,6,0.1699721964782205,0.151642380834774,0.1543481344871613,0.1778887923544743,0.1598555719678319,0.1627414152244924,0.009835558,12,0.5044004400440044,0.6758392955421023,0.5987892129884425,0.4507429829389103,0.5360484314804623,0.5531640725987843,0.077835442,20,0.2542631360044364,0.2477054967221381,0.2454319873674712,0.2551004516430462,0.2462705436156763,0.2497543230705536,0.004097011,13,0.6331410517477605,0.6278650008168244,0.6286548043300388,0.6257320109782386,0.6188711445709673,0.6268528024887658,0.004664266,13,,,
1.5444018363952636,0.1529630068221016,26.525265836715697,2.517703637148032,KNeighborsClassifier(),,,3.0,uniform,,,,"{'clf': KNeighborsClassifier(), 'clf__n_neighbors': 3, 'clf__weights': 'uniform'}",0.5516182521648345,0.5515568384204385,0.5596364083036482,0.5662080825451419,0.5606190885640585,0.5579277339996243,0.005641365,24,0.1323588574493764,0.132520434141766,0.1377723643253484,0.1385060639470783,0.1356996587030716,0.1353714757133281,0.002565226,24,0.5429042904290429,0.5443037974683544,0.5602641717116126,0.5531095211887727,0.5470555861309851,0.5495274733857535,0.006408921,21,0.2128301886792452,0.2131465517241379,0.2211601129698023,0.2215364267607186,0.2174578866768759,0.217226233362156,0.003743684,24,0.5655888402528465,0.565141378,0.5778638434373978,0.5686299897214557,0.5697885945256052,0.5694025291005139,0.004583478,24,,,
1.450997543334961,0.1400494762551887,26.222995471954345,2.863127582,KNeighborsClassifier(),,,3.0,distance,,,,"{'clf': KNeighborsClassifier(), 'clf__n_neighbors': 3, 'clf__weights': 'distance'}",0.5570840754160781,0.5510655284652706,0.5548458420341481,0.5592064856897188,0.5550915120992507,0.5554586887408932,0.002701782,25,0.1358358088036727,0.1310946944257891,0.1343745792379157,0.1346782988004362,0.1340525960890087,0.1340071954713644,0.001575684,25,0.5533553355335533,0.5371491469455146,0.5492570170610898,0.5437534397358282,0.5470555861309851,0.5461141050813942,0.005461555,24,0.2181266261925412,0.2107536169293889,0.2159238424924275,0.2158855020211952,0.2153379549393414,0.2152055085149788,0.002422734,25,0.5691626196840217,0.5624249896955349,0.5700220923067675,0.5644548043680864,0.5630914086551695,0.565831183,0.00315167,25,,,
1.793984556,0.3267705196146289,36.17795577049255,3.8109586424339215,KNeighborsClassifier(),,,5.0,uniform,,,,"{'clf': KNeighborsClassifier(), 'clf__n_neighbors': 5, 'clf__weights': 'uniform'}",0.5675244119633974,0.5702266167168212,0.5748679523400073,0.5729025918191868,0.5652254022847316,0.5701493950248289,0.00349248,21,0.1401212455221824,0.1399583043780403,0.1435553693618209,0.1408194658089777,0.1392925692349876,0.1407493908612018,0.001484664,21,0.5594059405940595,0.554210237,0.565767749,0.554210237,0.5591634562465603,0.5585515238370287,0.004263143,16,0.2241075363596298,0.223479805,0.2290042325685007,0.2245762711864407,0.2230271100867083,0.2248389909812235,0.002148655,21,0.5825103993289062,0.5826362173432916,0.594890728,0.579138474,0.582122467,0.5842596572720313,0.005468258,22,,,
1.8279216766357425,0.2133789072235944,29.27697925567627,1.0327503307715853,KNeighborsClassifier(),,,5.0,distance,,,,"{'clf': KNeighborsClassifier(), 'clf__n_neighbors': 5, 'clf__weights': 'distance'}",0.5501443222993306,0.5643923109992016,0.5646726446382508,0.5674364328706547,0.5541088318388404,0.5601509085292556,0.006755041,23,0.1333066986283126,0.1371389270976616,0.1388241743182129,0.1387890517003041,0.1363089669918482,0.1368735637472679,0.002029073,23,0.5506050605060506,0.5487066593285636,0.5575123830489819,0.5525591634562466,0.5613648871766649,0.5541496307033015,0.004649463,18,0.2146456524069904,0.2194343567734125,0.2222953697608075,0.2218539387912937,0.2193548387096774,0.2195168312884363,0.002718226,23,0.5715224754414605,0.581324486,0.5831529657775654,0.5769804935946008,0.580894958,0.5787750757444972,0.004146807,23,,,
1.4470564365386962,0.0406174659680301,27.48727192878723,3.2306270813547866,KNeighborsClassifier(),,,7.0,uniform,,,,"{'clf': KNeighborsClassifier(), 'clf__n_neighbors': 7, 'clf__weights': 'uniform'}",0.5775348522999447,0.5663575508198735,0.5813782090652254,0.5818081316791549,0.569094706,0.5752346899348592,0.006367837,20,0.1459353574926542,0.1368421052631579,0.1450078113904274,0.1412762288013797,0.1416953824948311,0.1421513770884901,0.003213718,20,0.5737073707370737,0.5437534397358282,0.561915245,0.5410016510731975,0.565767749,0.557229091,0.0127383311795235,17,0.2326826547685443,0.2186566338386632,0.2305260781214721,0.224045584045584,0.2266313932980599,0.2265084688144647,0.004939514,20,0.6013777233236632,0.5832796329365781,0.5955553809596009,0.5872737431421678,0.5948008981503377,0.5924574757024695,0.006415035,20,,,
0.983479595184326,0.03404536,19.36250553131104,0.5369718849984686,KNeighborsClassifier(),,,7.0,distance,,,,"{'clf': KNeighborsClassifier(), 'clf__n_neighbors': 7, 'clf__weights': 'distance'}",0.5726217527482651,0.5652521034207456,0.569278958,0.5664537526102444,0.5659624124800393,0.5679137959236437,0.002722233,22,0.1422407794015309,0.1407700709994538,0.1424442609413707,0.1376831628421343,0.1381306865177833,0.1402537921404546,0.002006416,22,0.5621562156215621,0.5674188222344524,0.569620253,0.5481563015960375,0.5514584479911943,0.5597620081215606,0.008546175,15,0.2270354326335666,0.2255770703424133,0.2278982714962017,0.2200861783228372,0.2209238231727483,0.2243041551935534,0.003200495,22,0.5945681830540468,0.5848500699379663,0.5976356875314963,0.5803629203088472,0.5843773928338591,0.5883588507332431,0.006583524,21,,,
7.673315525054932,0.136323069,0.5795594215393066,0.0126620390944691,RandomForestClassifier(),,,,,sqrt,50.0,,"{'clf': RandomForestClassifier(), 'clf__max_depth': None, 'clf__max_features': 'sqrt', 'clf__n_estimators': 50}",0.5993367315605233,0.6046183135785789,0.6050239528313475,0.6041026900872128,0.5898538263112639,0.6005871028737853,0.005745647,14,0.1532567049808429,0.1561244232772734,0.1566964285714285,0.1526339486717694,0.1531325817040102,0.1543688174410649,0.001689661,16,0.5720572057205721,0.5773252614199229,0.5795266923500275,0.5597138139790864,0.5905338470005503,0.5758313640940318,0.0100605156616554,12,0.2417480241748024,0.2457825679475164,0.2466908750146421,0.2398584905660377,0.2432003626473254,0.2434560640700648,0.002521981,17,0.6156752557385017,0.623327916,0.6313097810154547,0.6153683544494035,0.6244903674080167,0.6220343350219579,0.005976831,18,,,
14.57612099647522,0.2812328132221274,0.8357043743133545,0.0126857100037178,RandomForestClassifier(),,,,,sqrt,100.0,,"{'clf': RandomForestClassifier(), 'clf__max_depth': None, 'clf__max_features': 'sqrt', 'clf__n_estimators': 100}",0.5968801817846834,0.5979242154394153,0.5936002948040782,0.6044711951848667,0.588134136,0.596202005,0.005360314,16,0.156385751520417,0.1549460169244237,0.1546762589928057,0.1555654894948591,0.1539006088064561,0.1550948251477923,0.000838035,14,0.594059406,0.5844799119427628,0.5916345624656026,0.5745734727572922,0.5982388552559164,0.5885972416724335,0.008314322,7,0.2475928473177441,0.2449544458539961,0.2452378236568951,0.2448405253283302,0.2448198198198198,0.245489092395357,0.001062387,14,0.6307670881156555,0.6238938155784945,0.6297534462039109,0.6273894000682193,0.6291246534582078,0.6281856806848977,0.002410701,12,,,
7.7468630313873295,0.1095313623614012,0.5770549297332763,0.0154648968412914,RandomForestClassifier(),,,,,log2,50.0,,"{'clf': RandomForestClassifier(), 'clf__max_depth': None, 'clf__max_features': 'log2', 'clf__n_estimators': 50}",0.5948535282196156,0.5990910765829393,0.6042255251197641,0.6031814273430782,0.5948900626458666,0.5992483239822528,0.003964221,15,0.1541467650890143,0.1536538744302308,0.1592281632051848,0.1523952095808383,0.152638464893153,0.1544124954396843,0.002492124,15,0.5858085808580858,0.5751238304898184,0.5949367088607594,0.5602641717116126,0.5778756191524491,0.578801782,0.0115538668434017,11,0.2440701271914747,0.2425156648874449,0.2512200790146409,0.2396139814052018,0.2414903403863845,0.2437820385770293,0.003990883,16,0.6222256446176938,0.6197186715537641,0.6318158894536201,0.6162785278111381,0.6320744415428965,0.6244226349958225,0.006426366,17,,,
14.83395276069641,0.1255100613770156,0.8760012149810791,0.073631727,RandomForestClassifier(),,,,,log2,100.0,,"{'clf': RandomForestClassifier(), 'clf__max_depth': None, 'clf__max_features': 'log2', 'clf__n_estimators': 100}",0.5867469139593441,0.602530246,0.6015231544036359,0.5940302174180077,0.5941530524505589,0.5957967169001324,0.005759403,18,0.1500641299700726,0.1548272282366899,0.1568973115910092,0.1542345981820805,0.1544785807009952,0.1541003697361695,0.002227263,17,0.5792079207920792,0.5745734727572922,0.5877820583379196,0.5883324160704458,0.589433132,0.5838658,0.005904678,9,0.2383701188455008,0.2439252336448598,0.2476808905380333,0.2443987197073616,0.2448,0.2438349925471511,0.003030279,15,0.620185155,0.6220843233571198,0.6327616943408653,0.6246406742329282,0.6302576142173021,0.625985892,0.004792484,15,,,
19.35602807998657,1.3073304884419965,0.6472791194915771,0.1254690157290154,RandomForestClassifier(),,,,,,50.0,,"{'clf': RandomForestClassifier(), 'clf__max_depth': None, 'clf__max_features': None, 'clf__n_estimators': 50}",0.5976785604618313,0.5944850457532396,0.6010318142734308,0.5994963763665397,0.5869672030463088,0.5959318,0.004984468,17,0.1535646318255014,0.1511661807580175,0.1539713060198195,0.1510385756676558,0.1494285714285714,0.1518338531399131,0.001698701,19,0.577007701,0.5707209686296092,0.5729223995597138,0.5602641717116126,0.5756741882223445,0.5713178857786715,0.00594082,13,0.2425713955370563,0.2390227036994353,0.2427139193285148,0.2379338553231272,0.2372689123284564,0.239902157243318,0.002307053,19,0.6290574874977992,0.6158196194732437,0.6278494900012004,0.6172793874954082,0.6167605521535766,0.6213533073242455,0.005828665,19,,,
37.29664545059204,2.5952261943316666,0.9790703773498536,0.1685348271821179,RandomForestClassifier(),,,,,,100.0,,"{'clf': RandomForestClassifier(), 'clf__max_depth': None, 'clf__max_features': None, 'clf__n_estimators': 100}",0.588036603,0.5981084566726034,0.592433362,0.5945215575482128,0.5835892396511485,0.5913378436916932,0.005061945,19,0.1542703619909502,0.1544085392601257,0.1545519713261648,0.1508828250401284,0.1515236624069653,0.1531274720048669,0.001586643,18,0.6001100110011001,0.5811777655476059,0.593285636,0.5690698954320308,0.5938359933957073,0.58749586,0.0110658943330695,8,0.2454443194600674,0.243992606284658,0.2452229299363057,0.2385236447520184,0.2414410382635936,0.2429249077393286,0.002620737,18,0.6288127291816634,0.6171383703430458,0.629664415,0.6221347488034523,0.6253553212630034,0.624621117,0.004598196,16,,,
3.3530829429626463,0.1644164301133051,0.4707072257995605,0.033942886,RandomForestClassifier(),10.0,,,,sqrt,50.0,,"{'clf': RandomForestClassifier(), 'clf__max_depth': 10, 'clf__max_features': 'sqrt', 'clf__n_estimators': 50}",0.6121722041392864,0.6355094270097648,0.6071121483847193,0.6269500061417517,0.6245547230070015,0.6212597017365048,0.0102861778925104,9,0.1710314557425018,0.1681173436492585,0.1665695981362842,0.1670577193805725,0.1674922600619195,0.1680536753941073,0.001573584,8,0.643014301,0.5740231150247661,0.6296092460099064,0.5877820583379196,0.5954870665932857,0.6059831574792043,0.0260476099828815,4,0.2701953079856697,0.2600673232763995,0.2634427173287277,0.2601705237515225,0.2614473843179896,0.2630646513320618,0.003767352,6,0.6614813382478932,0.6502387394471967,0.6576696525745537,0.6497705637942228,0.6542211562991229,0.6546762900725979,0.004454976,9,,,
5.640957975387574,0.2129269041672366,0.5984585285186768,0.0359029392713079,RandomForestClassifier(),10.0,,,,sqrt,100.0,,"{'clf': RandomForestClassifier(), 'clf__max_depth': 10, 'clf__max_features': 'sqrt', 'clf__n_estimators': 100}",0.6372290118528526,0.633052877,0.6122712197518733,0.6196413217049502,0.6140523277238669,0.6232493516534936,0.0100961628593917,8,0.1728276524243879,0.1691597708465945,0.1658739595719381,0.1653410828999694,0.1673864482501861,0.1681177827986152,0.002703637,7,0.594059406,0.5850302696752889,0.6141992294991745,0.5949367088607594,0.6186020913593836,0.6013655410670402,0.0128324028164498,6,0.2677575306805504,0.2624367362054067,0.2612053832650673,0.2587672052663076,0.2634786685419596,0.2627291047918583,0.002964819,7,0.658141137,0.6538277444973548,0.6599008747320738,0.6535282344170098,0.6590159649399486,0.6568827911788068,0.002676903,7,,,
3.2877362728118897,0.1436379311833963,0.4519580841064453,0.0114727254010752,RandomForestClassifier(),10.0,,,,log2,50.0,,"{'clf': RandomForestClassifier(), 'clf__max_depth': 10, 'clf__max_features': 'log2', 'clf__n_estimators': 50}",0.6060308296996868,0.6199717496775778,0.606129468,0.6176759611841297,0.6248618105883798,0.6149339638548166,0.007592693,10,0.1644035625638779,0.165774583269613,0.1671494785631518,0.1668681983071342,0.1671062839410395,0.1662604213289633,0.001054444,9,0.6193619361936193,0.596587782,0.6351128233351678,0.6075949367088608,0.592735278,0.6102785512453283,0.0155026084183026,3,0.2598361601476866,0.2594542843465773,0.2646485494782708,0.2618285307719672,0.2607116920842411,0.2612958433657486,0.001864813,8,0.6528835773311171,0.6504078681144125,0.6593419182544699,0.6514756074338053,0.6542337880839276,0.6536685518435463,0.003116531,10,,,
5.474834442138672,0.2388899785818725,0.5980940818786621,0.021498531,RandomForestClassifier(),10.0,,,,log2,100.0,,"{'clf': RandomForestClassifier(), 'clf__max_depth': 10, 'clf__max_features': 'log2', 'clf__n_estimators': 100}",0.6069520358656267,0.6344653933550328,0.6036113499570077,0.6098759366171232,0.6084019162265079,0.6126613264042596,0.0110978951073864,11,0.166715158568519,0.1677647436927526,0.164326046040249,0.1657083886186053,0.1653208045808251,0.1659670283001902,0.001180576,10,0.6303630363036303,0.5745734727572922,0.6246560264171711,0.6186020913593836,0.6197028068244359,0.6135794867323827,0.019942758,2,0.2636907501150483,0.2597014925373134,0.2602017423200367,0.2613953488372093,0.2610106629578118,0.2611999993534839,0.001379847,9,0.6587957274814935,0.6522126427663949,0.6601030974315816,0.6541107803722611,0.655872781,0.6562190058475659,0.00291002,8,,,
8.036508989334106,0.4490715161463554,0.4903963088989257,0.056007003,RandomForestClassifier(),10.0,,,,,50.0,,"{'clf': RandomForestClassifier(), 'clf__max_depth': 10, 'clf__max_features': None, 'clf__n_estimators': 50}",0.6059080022108948,0.6151200638702942,0.6220980223559759,0.6079105760963026,0.5929861196413218,0.6088045568349578,0.009757193,13,0.1662069966613441,0.1633888048411497,0.1685015290519877,0.1650286049581927,0.1639183901621017,0.1654088651349552,0.001824738,11,0.6298129812981298,0.5943863511282333,0.6064942212438085,0.6191524490919097,0.6455696202531646,0.6190831246030492,0.017804944,1,0.263006776,0.2563189747241011,0.2637310039487854,0.2605976372480889,0.2614510197258442,0.2610210823607869,0.002598485,10,0.6629871542287308,0.6517301952061734,0.6653971088812292,0.6565801230876115,0.6575549772751528,0.6588499117357796,0.004847715,3,,,
16.193210935592653,1.3744964727286564,0.6416411399841309,0.049956527,RandomForestClassifier(),10.0,,,,,100.0,,"{'clf': RandomForestClassifier(), 'clf__max_depth': 10, 'clf__max_features': None, 'clf__n_estimators': 100}",0.6255604004176135,0.6302278449917091,0.6162019407935143,0.630143717,0.6184129713794374,0.6241093749140718,0.005846896,7,0.1702881799969178,0.1683496371094982,0.1678657074340527,0.1700925780637062,0.1658558832471875,0.1684903971702725,0.00162171,6,0.6078107810781078,0.5872317006053935,0.61640066,0.596587782,0.600440286,0.6016942420714279,0.009904587,5,0.2660406885758998,0.2616799509503372,0.2638708917422547,0.2647130647130647,0.2599166170339488,0.2632442426031011,0.002185879,5,0.6617612331575363,0.6534705978628955,0.6622105699503156,0.6587052877145809,0.661815789,0.6595926954625911,0.003309548,2,,,
1.7599255561828613,0.051832607,0.6003216743469239,0.026711553,AdaBoostClassifier(),,,,,,50.0,0.5,"{'clf': AdaBoostClassifier(), 'clf__learning_rate': 0.5, 'clf__n_estimators': 50}",0.6934225879751889,0.7011607197690843,0.6714162879253163,0.6939565163984769,0.6828399459525857,0.6885592116041304,0.0103746919824313,1,0.1826,0.1824619870860237,0.182455509617113,0.1818729903536977,0.1810558414331999,0.1820892656980069,0.000574221,1,0.5022002200220022,0.4821133736929003,0.5586130985140341,0.4980737479361585,0.5228398458998349,0.512768057,0.026345855,26,0.2678204752126723,0.2647325475974614,0.2750677506775068,0.2664507581333726,0.268969422423556,0.2686081908089138,0.003525678,2,0.656462776,0.6551393429232389,0.6639129312380043,0.6572321058117434,0.6603888344914689,0.6586271980039156,0.003157166,4,,,
2.5184158802032472,0.2141475875597643,0.7747151374816894,0.057367712,AdaBoostClassifier(),,,,,,100.0,0.5,"{'clf': AdaBoostClassifier(), 'clf__learning_rate': 0.5, 'clf__n_estimators': 100}",0.6793588405085058,0.662408647,0.6864635794128485,0.6682839945952586,0.6587642795725341,0.6710558682288716,0.0103911287333835,3,0.1811879332958591,0.1755994358251058,0.1878085833649829,0.1776978417266187,0.1757155247181266,0.1796018637861386,0.00457415,2,0.5319031903190319,0.5481563015960375,0.5443037974683544,0.5437534397358282,0.5575123830489819,0.5451258224336468,0.008246306,25,0.2703004891684137,0.2659901188409667,0.2792602004800226,0.2678595635082011,0.2672118174624109,0.270124438,0.004779095,1,0.657591786,0.6565040900946184,0.6672002771383148,0.6580556449144415,0.6639629066878262,0.660662941,0.004174987,1,,,
1.7455692768096924,0.1647359392419814,0.5545641422271729,0.050347092,AdaBoostClassifier(),,,,,,50.0,1.0,"{'clf': AdaBoostClassifier(), 'clf__learning_rate': 1.0, 'clf__n_estimators': 50}",0.6581710986918873,0.64637966,0.6768824468738485,0.6510870900380789,0.6735044834786881,0.6612049557700718,0.0120700207660038,4,0.1749913284772806,0.1692126909518214,0.1829896907216494,0.1730964467005076,0.174632694811233,0.1749845703324984,0.004496341,4,0.555005501,0.5547605943863512,0.5470555861309851,0.5630159603742433,0.5167859108420473,0.5473247104567365,0.0160822444954355,23,0.2660864978902953,0.2593259583226138,0.2742447234101255,0.2647858159699754,0.2610508757297748,0.2650987742645569,0.005185225,4,0.6579338922485403,0.6506052070856979,0.6655096915656773,0.6563408420796711,0.657277116,0.6575333498073166,0.004759608,6,,,
2.716253900527954,0.5790331186022143,0.8620193481445313,0.1586978253223723,AdaBoostClassifier(),,,,,,100.0,1.0,"{'clf': AdaBoostClassifier(), 'clf__learning_rate': 1.0, 'clf__n_estimators': 100}",0.6563286863600074,0.6493889332432599,0.6519469352659378,0.6662572165581624,0.6616509028374893,0.6571145348529713,0.006183427,5,0.1734094052558782,0.1742551054569802,0.174721189591078,0.1758379637927944,0.1791797010775113,0.1754806730348484,0.002008952,3,0.5517051705170517,0.5729223995597138,0.5690698954320308,0.5399009356081453,0.5674188222344524,0.5602034446702788,0.0124648303140079,14,0.2638779268613522,0.2672314208702349,0.2673561732385262,0.2652785289345592,0.2723550389644696,0.2672198177738284,0.002874928,3,0.6539958748726584,0.6535219394749543,0.6620116003158707,0.6560098474654914,0.6623741553682898,0.6575826834994529,0.003857516,5,,,
1.1712043762207032,0.3748732084446635,0.3434597969055176,0.03983810461334143,LogisticRegression(max_iter=1000),,,,,,,,"{'clf': LogisticRegression(max_iter=1000), 'clf__C': 0.01, 'clf__penalty': 'l1', 'clf__solver': 'liblinear'}",0.6665233679297426,0.6673831603512866,0.6720918806043483,0.6696351799533227,0.665643041395406,0.6682553260468214,0.0023327036115190726,10,0.16777041942604856,0.16620293081061027,0.17010116148370177,0.16747572815533981,0.16681976851001287,0.1676740016771427,0.0013291709669198465,10,0.5016501650165016,0.49312052834342324,0.49972482113373695,0.4936708860759494,0.49972482113373695,0.4975782443406696,0.0034909827375202633,6,0.25144747725392885,0.2486126526082131,0.25380852550663874,0.25010455876202425,0.25013774104683195,0.2508221910355274,0.0017421081686880197,8,0.6379280703735773,0.6333614827655396,0.6393800076513612,0.6323421821141917,0.6347229881932762,0.6355469462195893,0.0026865510412348312,2,0.01,l1,liblinear
1.1352703094482421,0.08997668186378037,0.38106117248535154,0.09286799938338189,LogisticRegression(max_iter=1000),,,,,,,,"{'clf': LogisticRegression(max_iter=1000), 'clf__C': 0.01, 'clf__penalty': 'l1', 'clf__solver': 'saga'}",0.6681201252840385,0.6802800466744457,0.6707406952462842,0.6618351553863162,0.6650902837489252,0.669213261268002,0.006283902133131965,9,0.16857670979667283,0.17026658883051177,0.17038690476190477,0.16408668730650156,0.16519337016574587,0.16770205217226736,0.0026044061197114093,9,0.5016501650165016,0.48156301596037426,0.5041276829939461,0.49587231700605394,0.4936708860759494,0.49537681341056505,0.007872856796818782,8,0.2523519645821804,0.2515813686026452,0.25469206172667874,0.2465790914066776,0.24755071063888506,0.2505510393914134,0.0030407669829869586,10,0.6367692092403157,0.634841334825607,0.640736136283261,0.6312320118343082,0.6343586829538059,0.6355874750274596,0.003128639425207576,1,0.01,l1,saga
1.1994558334350587,0.18908744034605793,0.40064492225646975,0.05430969475494247,LogisticRegression(max_iter=1000),,,,,,,,"{'clf': LogisticRegression(max_iter=1000), 'clf__C': 0.01, 'clf__penalty': 'l2', 'clf__solver': 'liblinear'}",0.6779463243873979,0.6748756371675981,0.6809974204643164,0.678847807394669,0.6800761577201818,0.6785486694268327,0.0021105957063164444,2,0.1687935034802784,0.16854146806482365,0.17207224703825985,0.16899495537446643,0.16978193146417445,0.16963682108440054,0.0012864937627176734,5,0.4801980198019802,0.4865162355531095,0.4876169510181618,0.47936158503026965,0.4799119427627958,0.4827209468332635,0.0035753615157639814,15,0.2497854077253219,0.25035400736335317,0.2543784094171691,0.24989241141873475,0.25082698115921187,0.25104744341675816,0.0017059674478708512,7,0.6343600519747792,0.6342356978323758,0.6401368874559338,0.6299192954507883,0.6331714663961232,0.634364679822,0.003302127775461353,14,0.01,l2,liblinear
1.352294635772705,0.17394365881117402,0.46562900543212893,0.05817408127012427,LogisticRegression(max_iter=1000),,,,,,,,"{'clf': LogisticRegression(max_iter=1000), 'clf__C': 0.01, 'clf__penalty': 'l2', 'clf__solver': 'saga'}",0.6559602038936314,0.6706380888042744,0.6610367276747329,0.6605453875445277,0.6619579904188675,0.6620276796672069,0.0047778120547024615,14,0.165014164305949,0.1664785553047404,0.1686358754027927,0.1656452775775054,0.16621401412275938,0.16639757734274935,0.0012271933554929635,13,0.5126512651265126,0.4870665932856357,0.5184369840396258,0.5057787561915245,0.5052283984589984,0.5058323994204594,0.010563102362338051,2,0.24966514867398876,0.2481424365624562,0.25449142239632583,0.24955872369314325,0.2501362397820163,0.25039879422158606,0.0021519128411064013,12,0.6366302789974815,0.6341062309884806,0.6411879508752933,0.6301285188985007,0.6344433958118404,0.6352992751143194,0.0036149876089666536,4,0.01,l2,saga
1.1643094539642334,0.05534883203231761,0.4072049617767334,0.04423438342417729,LogisticRegression(max_iter=1000),,,,,,,,"{'clf': LogisticRegression(max_iter=1000), 'clf__C': 0.1, 'clf__penalty': 'l1', 'clf__solver': 'liblinear'}",0.6775164281766259,0.676963704477062,0.6881832698685665,0.6743029111902714,0.6693280923719445,0.677258881216894,0.00618273236778793,6,0.1702209414024976,0.16836832980157965,0.17645891226677252,0.168,0.16806253489670575,0.17022214367351113,0.0032229099390983025,2,0.48734873487348734,0.4810126582278481,0.4892680242157402,0.4854155200880572,0.49697303247110625,0.4880035939752479,0.005254517299943855,9,0.2523138260002848,0.24942922374429224,0.2593727206418672,0.24961086741191454,0.25118219749652293,0.25238176705897636,0.003652736289411779,1,0.636235657786311,0.6335945268890423,0.6414034521678635,0.6310402712333358,0.6341325473725221,0.6352812910898149,0.003479732951737302,5,0.1,l1,liblinear
2.0633843898773194,0.5650186421314499,0.4595786571502686,0.0988299952304549,LogisticRegression(max_iter=1000),,,,,,,,"{'clf': LogisticRegression(max_iter=1000), 'clf__C': 0.1, 'clf__penalty': 'l1', 'clf__solver': 'saga'}",0.661487440889271,0.6692255726831665,0.6722761331531752,0.6703721901486304,0.6630020881955534,0.6672726850139593,0.00424646305477479,11,0.16381507098653075,0.16588653810147913,0.17216321967579654,0.16760299625468164,0.16477895506028498,0.16684935601575462,0.0029402579716166248,12,0.49504950495049505,0.4876169510181618,0.5085305448541552,0.4925701706108971,0.4964226747385801,0.49603796923445787,0.00693006032689741,7,0.2461706783369803,0.24755518301201454,0.2572383073496659,0.25010479251082857,0.2474283363050336,0.2496994595029046,0.003980119105509377,15,0.6352544570046358,0.6331342595139489,0.6404787826916393,0.6308867113433616,0.6335299123137265,0.6346568245734624,0.003226584888763085,12,0.1,l1,saga
1.1771042823791504,0.0636413498948017,0.42896409034729005,0.071685043481147,LogisticRegression(max_iter=1000),,,,,,,,"{'clf': LogisticRegression(max_iter=1000), 'clf__C': 0.1, 'clf__penalty': 'l2', 'clf__solver': 'liblinear'}",0.675858257077934,0.6815083215623656,0.6752855914506818,0.686033656798919,0.6734430659624124,0.6784257785704625,0.004661807570722059,3,0.1683282208588957,0.16977063320917468,0.16977540921202894,0.17213930348258707,0.1688115064345193,0.16976501463944116,0.0013123217129057715,4,0.4829482948294829,0.47660979636763895,0.4909190974133187,0.4760594386351128,0.4909190974133187,0.48349114493177436,0.006530342393943619,14,0.2496445834518055,0.250361376120266,0.25229811907792393,0.2528500438468284,0.25123222081396984,0.25127726866215877,0.0011850997262600358,5,0.6358643468909629,0.6341630320457641,0.6377278691225343,0.6311620423998032,0.632815189188562,0.6343464959295253,0.0022915872152750715,15,0.1,l2,liblinear
1.2410016059875488,0.04384308489787522,0.38522186279296877,0.038721592068711445,LogisticRegression(max_iter=1000),,,,,,,,"{'clf': LogisticRegression(max_iter=1000), 'clf__C': 0.1, 'clf__penalty': 'l2', 'clf__solver': 'saga'}",0.6541177915617515,0.6739544310016582,0.6560619088564058,0.6564304139540597,0.6628792531630021,0.6606887597073754,0.00725941011639108,15,0.16259731068648267,0.16755521706016754,0.1638528523191754,0.1655746414025146,0.16678765880217786,0.1652735360541036,0.0018313833478274249,16,0.5055005500550055,0.48431480462300497,0.507429829389103,0.5145844799119428,0.5057787561915245,0.5035216840341161,0.01015454139698596,4,0.24605087014725568,0.24897439524685244,0.2477162815690489,0.2505359056806002,0.250853009417224,0.24882609241219625,0.0017881491222063743,16,0.6350451775215543,0.6348705152749952,0.6376501379889323,0.6312230326137845,0.6335023658914416,0.6344582458581416,0.0021015680560664556,13,0.1,l2,saga
1.6067156791687012,0.24920630967190247,0.5295993328094483,0.17968100259179906,LogisticRegression(max_iter=1000),,,,,,,,"{'clf': LogisticRegression(max_iter=1000), 'clf__C': 1, 'clf__penalty': 'l1', 'clf__solver': 'liblinear'}",0.676103912055518,0.676779463243874,0.6710477828276624,0.673013143348483,0.6818572656921754,0.6757603134335425,0.0036901068109357954,8,0.1687116564417178,0.16954353663214422,0.16943769848682982,0.16657159155733028,0.17061704211557296,0.16897630504671898,0.0013475414321919715,7,0.48404840484048406,0.4865162355531095,0.4991744634012108,0.48211337369290036,0.47936158503026965,0.4862428125035949,0.006877809775279511,10,0.2502132499289167,0.25145782961171953,0.2529986052998605,0.2475975127190503,0.25166136954637386,0.2507857134211842,0.001822511588821295,9,0.6362634742561709,0.6329318225241264,0.639755270583674,0.629955136237794,0.6356127109997924,0.6349036829203115,0.0032944196405728368,8,1.0,l1,liblinear
5.208128833770752,0.4646843902995886,0.37686843872070314,0.009044055433926093,LogisticRegression(max_iter=1000),,,,,,,,"{'clf': LogisticRegression(max_iter=1000), 'clf__C': 1, 'clf__penalty': 'l1', 'clf__solver': 'saga'}",0.6784990480869618,0.6749370509119941,0.6829013634688613,0.6801375752364575,0.6727060557671047,0.6778362186942759,0.0036363449180379617,5,0.16908773968622895,0.16882621951219512,0.17298670836591087,0.17058480668350495,0.16842900302114805,0.16998289545379758,0.001669669063842604,3,0.4801980198019802,0.4876169510181618,0.4870665932856357,0.48321408915795266,0.4909190974133187,0.4858029501354098,0.0037196720658195705,11,0.25010743446497635,0.2508138711960368,0.25530073561228905,0.2521539345203906,0.2508083790243217,0.25183687096360285,0.001854408930082513,3,0.635814570050161,0.634513730067223,0.6402913224394335,0.6313304788797129,0.633459219975874,0.6350818642824809,0.002990115566443651,7,1.0,l1,saga
1.8365941047668457,0.8206438315051025,0.5700707912445069,0.2391615164441308,LogisticRegression(max_iter=1000),,,,,,,,"{'clf': LogisticRegression(max_iter=1000), 'clf__C': 1, 'clf__penalty': 'l2', 'clf__solver': 'liblinear'}",0.6726033286249463,0.6711293987594423,0.6795848175899767,0.6767596118412972,0.6791548949760472,0.6758464103583419,0.003421212463359758,7,0.16839720596564092,0.16546898638426627,0.1714340935446463,0.169670245398773,0.16903050320575091,0.16880020689981548,0.001949707778728674,8,0.49064906490649063,0.48156301596037426,0.4881673087506879,0.4870665932856357,0.47881122729774356,0.4852514420401864,0.004382059748545968,12,0.2507378777231202,0.24630541871921183,0.2537548276355314,0.2516706952936158,0.2498564043653073,0.2504650447473573,0.0024504544204031857,11,0.6353328869008574,0.6329240994064917,0.6367113148261199,0.6306217672665941,0.6325492368518625,0.6336278610503852,0.0021498888709825252,16,1.0,l2,liblinear
1.3334792137145997,0.23177269182909616,0.41608438491821287,0.06635083322295963,LogisticRegression(max_iter=1000),,,,,,,,"{'clf': LogisticRegression(max_iter=1000), 'clf__C': 1, 'clf__penalty': 'l2', 'clf__solver': 'saga'}",0.660996130934103,0.6724190873917583,0.6670556442697457,0.65980837734922,0.6634320108094829,0.6647422501508621,0.004569001193108801,12,0.16443074691805656,0.1658749762492875,0.17224445252819207,0.16684568564267813,0.16778523489932887,0.16743621924750862,0.002648017853705597,11,0.4988998899889989,0.48046230049532196,0.5211887727022565,0.5129334067143644,0.5090809025866814,0.5045130544975246,0.013998525130449403,3,0.24734115080447233,0.24661016949152542,0.25892002734108,0.2517898149398892,0.252387448840382,0.2514097222834698,0.004406678626546151,4,0.6353291602924551,0.6342586008708785,0.6412391248227698,0.6317469853503636,0.6346331008691771,0.6354413944411288,0.003140932082695971,3,1.0,l2,saga
1.2504866123199463,0.12180439177479359,0.4569525241851807,0.11441697993152244,LogisticRegression(max_iter=1000),,,,,,,,"{'clf': LogisticRegression(max_iter=1000), 'clf__C': 10, 'clf__penalty': 'l1', 'clf__solver': 'liblinear'}",0.6806485291408217,0.6835349751274336,0.6822257707898293,0.6786635548458421,0.6786021373295664,0.6807349934466986,0.0019447222767758098,1,0.1701131486539212,0.17074615080931702,0.17350709978603385,0.17017577747730345,0.16873545384018618,0.17065552611335236,0.0015716675757118759,1,0.47964796479647964,0.4760594386351128,0.4909190974133187,0.4848651623555311,0.47881122729774356,0.4820605780996371,0.005267479771888789,16,0.2511520737327189,0.25134389074531455,0.25639551595286003,0.2519302259079211,0.24953391653520723,0.25207112457480435,0.0023035260516964156,2,0.6360137534666014,0.632204632029207,0.6400639122654059,0.6326567401891077,0.634869147835827,0.6351616371572298,0.0028235559704789218,6,10.0,l1,liblinear
2.025837230682373,1.722627444331092,0.3824452877044678,0.012172539845792009,LogisticRegression(max_iter=1000),,,,,,,,"{'clf': LogisticRegression(max_iter=1000), 'clf__C': 10, 'clf__penalty': 'l1', 'clf__solver': 'saga'}",0.6560216176380274,0.675981084566726,0.6600540474143226,0.6636162633583098,0.6569831716005404,0.6625312369155851,0.007230052889491622,13,0.16433007985803016,0.16657027183342973,0.1680357142857143,0.1669093556607208,0.16476868327402136,0.1661228209823833,0.0013802622596023446,14,0.5093509350935094,0.4755090809025867,0.5178866263070996,0.5046780407264722,0.5096312603192075,0.5034111886697751,0.01458520281435784,5,0.24849054072185697,0.24671616219303255,0.25374140488067953,0.2508548762139242,0.2490251445475326,0.2497656257114052,0.002386070765697474,14,0.6357823615061126,0.6330672243746768,0.6390049730043159,0.630889355647711,0.6347959063124873,0.6347079641690607,0.002716620934209101,10,10.0,l1,saga
1.087279748916626,0.01828290112545197,0.3655999183654785,0.008607919893248477,LogisticRegression(max_iter=1000),,,,,,,,"{'clf': LogisticRegression(max_iter=1000), 'clf__C': 10, 'clf__penalty': 'l2', 'clf__solver': 'liblinear'}",0.6730332248357183,0.6775164281766259,0.6828399459525857,0.677128116938951,0.6800147402039062,0.6781064912215574,0.003258540480794241,4,0.16494648318042812,0.1689163131507906,0.17435298696244406,0.16795366795366795,0.1717933836331979,0.16959256697610572,0.0032321694350056183,6,0.4746974697469747,0.48211337369290036,0.49312052834342324,0.47881122729774356,0.4887176664832141,0.4834920531128512,0.006650866923882637,13,0.244822695035461,0.25017849493074396,0.2576193214491087,0.2486780048592254,0.254222731176639,0.25110424949023563,0.004435599205066937,6,0.6333330291204026,0.634404693342391,0.6395907149533128,0.6312284353651166,0.6347302742980656,0.6346574294158577,0.002753852735219435,11,10.0,l2,liblinear
1.172835397720337,0.041734657400300954,0.36769790649414064,0.014812702575273345,LogisticRegression(max_iter=1000),,,,,,,,"{'clf': LogisticRegression(max_iter=1000), 'clf__C': 10, 'clf__penalty': 'l2', 'clf__solver': 'saga'}",0.6545476877725235,0.6692255726831665,0.6609138926421816,0.6552634811448225,0.6512713425869058,0.65824439536592,0.006306939553607793,16,0.1638707398905174,0.16676003734827263,0.1678622668579627,0.16549171660204443,0.1643192488262911,0.16566080190501767,0.0014891234345904528,15,0.5104510451045104,0.4914694551458448,0.5151348376444689,0.5167859108420473,0.5200880572372042,0.5107858611948151,0.010145744798711996,1,0.24809517444191953,0.24902398215281651,0.25321249830921144,0.25070084100921103,0.24973572938689217,0.25015364506001014,0.0017518047657339192,13,0.6349117801513992,0.635461543021075,0.640004748333565,0.6296143824284264,0.6342932221533351,0.6348571352175603,0.0033066802205772195,9,10.0,l2,saga
